cell_id,0.00,0.01,0.02,0.03,0.04,0.05,0.06,0.07,0.08,0.09,0.10,0.11,0.12,0.13,0.14,0.15,0.16,0.17,0.18,0.19,0.20,0.21,0.22,0.23,0.24,0.25,0.26,0.27,0.28,0.29,0.30,0.31,0.32,0.33,0.34,0.35,0.36,0.37,0.38,0.39,0.40,0.41,0.42,0.43,0.44,0.45,0.46,0.47,0.48,0.49,0.50,0.51,0.52,0.53,0.54,0.55,0.56,0.57,0.58,0.59,0.60,0.61,0.62,0.63,0.64,0.65,0.66,0.67,0.68,0.69,0.70,0.71,0.72,0.73,0.74,0.75,0.76,0.77,0.78,0.79,0.80,0.81,0.82,0.83,0.84,0.85,0.86,0.87,0.88,0.89,0.90,0.91,0.92,0.93,0.94,0.95,0.96,0.97,0.98,0.99,1.00
b1c5,0.0,0.00871778391230729,0.016745044089564898,0.025680152789974976,0.03472686619468785,0.04388402556211991,0.05229314750872662,0.06164058173290092,0.07107983106130711,0.07973821468162606,0.08933933341051514,0.09900639897894087,0.10872897838902133,0.1176131646108028,0.12743399246161005,0.13729477977709215,0.14710011292237368,0.15613294734300354,0.16610152926076463,0.1761023144283406,0.18521444367184078,0.19526331815929068,0.20533655025507852,0.2154281047815174,0.22462153588910594,0.23475159748096172,0.2448962685533039,0.25413745768155815,0.2643142895730682,0.2745035945530343,0.2847133473451974,0.29399880810928536,0.30421863853818554,0.3144502444563174,0.3237632418151747,0.3340212448772188,0.34429029038088155,0.3545699336100141,0.363927318259549,0.3742314582946063,0.38454355550824226,0.3948691863079621,0.4042647978374175,0.41461085881465604,0.4249683192238515,0.43438954481008757,0.4447672135758242,0.4551514697442722,0.4655434141848353,0.4750009024880016,0.48541147836890686,0.49583225210671594,0.5053119470350603,0.5157467044460698,0.5262123179786088,0.5366760918650982,0.5461957457210208,0.5566767510155323,0.567162250377985,0.5767016034226841,0.587200944127686,0.597704375003837,0.6082184905256228,0.617777726177655,0.6282998930489915,0.6388275486020228,0.6493578508785587,0.6589425310438157,0.6694814262425067,0.6800105663310878,0.6895888422436415,0.7001287566730228,0.7106776389181244,0.7212304750908205,0.7308269470372456,0.7413913233612598,0.7519587012507296,0.7615694627469817,0.7721483514264781,0.7827303105988525,0.7933201061925421,0.8029493228718704,0.8135439759690011,0.824146017190653,0.8337867668600089,0.8443943804609398,0.8550059425289815,0.8656217431859209,0.8752766562768723,0.8859011239753248,0.8965292317578099,0.9071600798976742,0.9168272613536858,0.9274644889502845,0.9381110571077816,0.9477862147197916,0.9584300966771694,0.9690736153780798,0.9797149322506665,0.9893758622580138,1.0
b1c6,0.0,0.008019157619150697,0.017487248886188574,0.0257009289527988,0.03400411713338596,0.04380823828113569,0.05230901610555106,0.0608896137094018,0.07100246873611904,0.07975010084869365,0.08856400181975617,0.09892329042471595,0.10785903733168267,0.11684452838522535,0.12738406117333612,0.13646331552634033,0.14558046278997244,0.1562565303719401,0.1654352662285501,0.17465907801804847,0.185461598401749,0.19474083148713958,0.2040374827070576,0.21490993738174874,0.22425040672954935,0.2336115051077047,0.2445445415869958,0.25393403538948195,0.26490588750745164,0.2743299343536048,0.283767924870999,0.2947880618518915,0.3042471698235606,0.31371425256324986,0.324779648598197,0.3342717096093536,0.34377229581053326,0.35486454684427715,0.36438609731910293,0.3739168286514807,0.38503703205008605,0.39457742268375673,0.4041271943834224,0.41528424702297917,0.4248496062503678,0.43441608688697997,0.4455793319252851,0.4551555498900458,0.4647421495093709,0.47593210150714826,0.485531117527871,0.49513822203017055,0.5063564880986972,0.5159775914656527,0.5256039699621617,0.5368437461898923,0.54648630149834,0.5561363818618857,0.5673994364038975,0.5770592061604886,0.5867245453107037,0.598011949070465,0.607690386752203,0.6173756956360881,0.6286788408602754,0.6383765829304048,0.6480808041026116,0.6594050930924552,0.6691149780163438,0.6788309741366139,0.6901757850967084,0.6999023249738473,0.7096339538350763,0.7209920765396123,0.7307329890844817,0.7421028785714797,0.7518536754253181,0.76160919426484,0.7729968164132244,0.7827630666672262,0.7925338491322923,0.8039380058669173,0.8137180094126816,0.8235018923750632,0.834920885704536,0.8447131716753533,0.8545088831158499,0.8659420560117075,0.8757458657627454,0.8855526267737375,0.8969976134798713,0.9068085540689297,0.9166220878412105,0.9280729212689777,0.9378884010249828,0.947704830258943,0.9591582552065692,0.9689741701588722,0.9787805808050892,0.9902150762259023,1.0
b1c7,0.0,0.008716408366832424,0.01653523697003278,0.025415588911906085,0.03438377170364378,0.04242774571241632,0.05155394535000887,0.060764900108717386,0.06902460901820633,0.07839128000484198,0.08783447405013485,0.09629258065264228,0.10588097169132045,0.11553269854407262,0.1252467429808275,0.13393214496742523,0.14375754991320172,0.15363719571339582,0.16246121197327126,0.1724340293806386,0.18244950151457465,0.19138847394738615,0.20148371243305338,0.2116136787236377,0.22064676714548284,0.23084220014846968,0.24106547830312533,0.2501765445277379,0.2604508202874993,0.27075022610108074,0.2799263524900196,0.29027123446944225,0.3006407279241378,0.3098748228610694,0.32027531691942845,0.33068752658616624,0.33996608788303384,0.35041776553458515,0.36088299055835754,0.3713722910834995,0.3807015995579846,0.3912048669131852,0.40174631258992655,0.4111164734570174,0.4216658937558844,0.4322263469774477,0.44162288040818126,0.4521985224015314,0.4627831701568397,0.472202940173268,0.4828022040758663,0.49340430790714074,0.502842776399953,0.5134615210229462,0.524084988649289,0.5335373687227578,0.5441749725377226,0.5548166843918992,0.5642845357202368,0.5749441874382142,0.5855976546146963,0.5950683562651619,0.6057311915521563,0.6163979331359911,0.6270703760205107,0.6365666193054916,0.6472513238375307,0.6579410945756415,0.6674500629466915,0.678153232813578,0.6888611640848837,0.6983830038161626,0.7091023409709806,0.7198250992125426,0.7293585865024413,0.7400948689224162,0.7508313134802403,0.760376332250312,0.7711219907673464,0.7818716248344323,0.7914285104102565,0.8021838618605263,0.8129437428865358,0.8225116810779124,0.8332799460092428,0.8440533502290221,0.8536326629047456,0.8644137160486897,0.8751982954173493,0.8859867305378515,0.8955800480070841,0.9063757694843871,0.9171759335606482,0.926778220360055,0.9375823065968462,0.9483891886721967,0.9579952325403556,0.9688043204344121,0.9796074913910082,0.9892037165104615,1.0
b1c9,0.0,0.00884668861324777,0.016989793476412232,0.02604964964510283,0.03437490974214238,0.04362299625100839,0.05210546955603466,0.06151151272258924,0.0701374027195877,0.0796944593564391,0.08844798953226599,0.09813475663044627,0.10698387209305103,0.11677189571906456,0.1257218646066957,0.13561891344141516,0.14467306201709385,0.15466893727177464,0.16379772019918137,0.17388698526399815,0.18309569411727447,0.193265068637689,0.20254794982339464,0.21279013354594317,0.22212832452850875,0.23243300212034632,0.24275881431311153,0.2521713225821004,0.26254979664256695,0.27200188515782464,0.2824243170388715,0.29191227953462706,0.30236509702224973,0.3118787036676385,0.3223629040126395,0.33190684625229927,0.34241989825115327,0.35198416155219897,0.3625224714895125,0.3721136241648898,0.38267442157681925,0.3922850762372884,0.4028657585778918,0.4124945531823548,0.42309770357355736,0.432742340097456,0.44336161033491295,0.45302378701821416,0.4636563853987365,0.4733291742211195,0.4839784414940513,0.49463443592118694,0.5043322791836861,0.5149996886697724,0.524718015011741,0.5354169619304416,0.5451464600773196,0.5558595857113322,0.5656030546276234,0.5763255114140446,0.5860825261313084,0.5968164363708819,0.606582491878734,0.6173325988437308,0.6271077435206808,0.637870148429725,0.647655686407886,0.6584245161281448,0.6682250362860852,0.6789983988820228,0.688791274055586,0.6995690353744141,0.7093702655981622,0.7201596550955265,0.7299707189546581,0.7407668595685647,0.7515704386732128,0.7613944280355118,0.7722054342850975,0.7820387325620289,0.7928571594213688,0.8027003388045283,0.8135291506145675,0.8233756655733844,0.8342122177633222,0.8440656546611088,0.8549071404605286,0.8647660413160668,0.8756147302488667,0.8854818964773538,0.8963377981647757,0.9062095632561387,0.9170702341750319,0.9269458267053542,0.9378113004392986,0.9476907590750809,0.958555951342316,0.9684316451679779,0.9792929120592716,0.9891629773676384,1.0
b1c11,0.0,0.008766874393177616,0.017614763501179406,0.02654499249827621,0.03441747391378834,0.04347593595979812,0.05260432399407965,0.0617987142609578,0.07105834436942902,0.08038045841655643,0.08976245281401121,0.09802348497769427,0.1075221088890062,0.11708345857094733,0.12670937540674354,0.13640146892431654,0.1461554197218113,0.15596632481801842,0.1645891910040043,0.17448322585642762,0.1844130357914337,0.19437675884039676,0.20436909559514482,0.21439389221641705,0.22444528552130397,0.23326081457904302,0.24335540983424095,0.2534793983386617,0.2636212689994513,0.2737806657548775,0.2839590936566903,0.2941527319505743,0.30435993752255497,0.3132985421128126,0.32353198161425173,0.333773833368462,0.3440214534962449,0.35429272068382356,0.36457983168899166,0.3748706526516816,0.38388364588711527,0.39419338955413985,0.40451097054515844,0.4148343267261071,0.42516689428480114,0.4355072690515822,0.4458534983259086,0.45491132026636955,0.4652726017932716,0.47564013751413986,0.48601100073290365,0.4963854748861039,0.5067727020725062,0.5171607247898033,0.5262517677980278,0.5366509829744461,0.5470588695491568,0.5574631406038814,0.567864300920881,0.5782709046570981,0.588681540082914,0.5977941360419565,0.6082144970467457,0.6186401225103826,0.629067984730771,0.6394995790928267,0.6499378924005007,0.6603782941161987,0.6695161455475548,0.6799634870588563,0.6904163422598251,0.7008724310168887,0.7113303656435807,0.7217965027031649,0.7322634014597234,0.7427317585449994,0.7518951711932892,0.7623724722072266,0.7728521439503249,0.7833340455098831,0.7938194309717597,0.804308145914472,0.8147999547399161,0.8239835123274187,0.8344814086559033,0.844981996206288,0.8554860323378654,0.8659930566366654,0.8765019525833189,0.8870121437618432,0.8962101977589457,0.9067245843435842,0.9172439129113911,0.9277614019301919,0.9382791364617987,0.9487968291037899,0.9593141439956385,0.968515754148449,0.9790276101293583,0.9895258767719592,1.0
b1c14,0.0,0.008728245025283049,0.017540832355151224,0.02544150380730301,0.034403783171104596,0.04343736034231596,0.052539022450717246,0.06068753860290455,0.06992039026698936,0.07921413509885859,0.08856980596123037,0.09798969093185524,0.10642045870852983,0.11595848812306615,0.1255589306360081,0.13522149117507884,0.14386483077152917,0.15365030774686844,0.16349927403435024,0.17340794068907617,0.18337005695507355,0.19226424007749549,0.2023090251999753,0.21239149256454384,0.22250381198944943,0.2326460743472076,0.24168501552106955,0.2518767690482045,0.26208662563156887,0.2723168788144342,0.28142774712080065,0.29169167328988094,0.3019716037771306,0.31226799579861203,0.32257445831665027,0.33174412146978877,0.34207471250643035,0.3524125496384379,0.36276016423606455,0.371968076926017,0.38233522713898527,0.39270712181915735,0.4031010343171864,0.4135110087518277,0.42276461242791846,0.43318221916611643,0.4436115791886492,0.4540455908303807,0.46332734764586675,0.47377763380882704,0.48423481816150815,0.4946985842963469,0.5051693131535624,0.5144862562899447,0.5249698958488239,0.5354585849782801,0.5459602636094799,0.5552959317520257,0.5658029356443327,0.5763201546829254,0.586841953674349,0.5973600374285812,0.6067109273759687,0.6172375806937603,0.6277686813870899,0.638304018298083,0.6476771582930893,0.6582228273432442,0.668773571755089,0.6793317856023586,0.6898944473739131,0.6992855792489917,0.7098561175165509,0.7204327300849737,0.7310138496228664,0.7404232329353834,0.7510148172994807,0.7616083198638506,0.7722044623406453,0.7828067526504114,0.7922332552254031,0.8028396496145374,0.8134494106767216,0.8240625909819254,0.8346792923776055,0.8441191276407609,0.8547413611751955,0.8653659378596367,0.8759932261228708,0.8854416147066723,0.8960728603143067,0.9067062412065564,0.9173414611697508,0.9279822685854043,0.9374357394451085,0.9480706816325339,0.9587043586287048,0.9693363776404659,0.9787831783697333,0.9893956245611011,1.0
b1c15,0.0,0.008356981665077838,0.01678652229676873,0.026507242524202432,0.03508956561406074,0.043742339262732556,0.05246238364273759,0.061250120621533885,0.07010458002655295,0.08030422250733027,0.08929835086231924,0.09835567984436483,0.10747887326552916,0.11666779128463715,0.12592569854181127,0.13658250068332817,0.1459677408943589,0.1554030130340652,0.16488649717348056,0.17440631617497818,0.18396051891671952,0.19491904725955048,0.20454114914904156,0.21418855177047677,0.22385695212158538,0.23354589367434261,0.243257888073783,0.25437491906720616,0.2641187801735048,0.273880425935872,0.28367119452214173,0.2934742546102177,0.3032824853597582,0.31450468793605924,0.32433679500699986,0.3341783028642306,0.3440294642214059,0.35388986498376385,0.36376088820625574,0.3750528746407211,0.384940115990984,0.39483057620732903,0.40473245918861633,0.4146429673030907,0.4245578913057859,0.43589301808944236,0.44582171027149103,0.4557569852670503,0.46569496211642863,0.475639052723377,0.4870160018656096,0.49697464371399697,0.5069324111677522,0.5168869790187796,0.5268484163435819,0.5368139360176883,0.5482081872891718,0.5581823285940372,0.5681644702528098,0.5781487605164792,0.5881362440515644,0.5981265932463341,0.6095529336288568,0.6195530026002863,0.6295557726172823,0.6395621772116277,0.649574882674026,0.6595887455541842,0.6710379857542262,0.681058762023219,0.6910881911754057,0.7011169710313162,0.7111479808562212,0.7211815466453464,0.7326553829157516,0.7426966509482741,0.7527388628851547,0.7627838896965132,0.7728309041357873,0.782880732910704,0.7943694020985886,0.8044258505972193,0.814484415774768,0.8245447111517711,0.8346071233424008,0.8446722800895302,0.8561772288323851,0.8662459214153347,0.8763161973651781,0.8863878209415662,0.8964609683435715,0.9065407998600828,0.918055922752282,0.9281313620893165,0.9382059247416693,0.9482784615088157,0.958349701030498,0.9684185820710179,0.9799168876508331,0.9899651185103088,1.0
b1c16,0.0,0.008822591946691776,0.016748157246641072,0.025757637826264317,0.0338402688635347,0.043021677123455365,0.05229652770725025,0.06061599897854694,0.07005170254084098,0.07851264303762526,0.08811559371598851,0.0978017310711646,0.10647975875533862,0.11631534216686246,0.12512518418473054,0.1351084156265904,0.14515992146721146,0.15414460278435943,0.16430233279235226,0.17336953208367495,0.18361231862741606,0.19389173819102348,0.20305488397345053,0.21339064882185482,0.22260051390093194,0.23298427031566027,0.24338933483971312,0.2526561008045175,0.2631020380296552,0.27239977816516003,0.2828742612561544,0.29336910575411074,0.3027065965402857,0.31322243431810937,0.3225809529224042,0.33312141160362374,0.343671047054306,0.35305705002668464,0.36363077159134366,0.37303158317166607,0.3836209506754978,0.3942376341734314,0.4036763230363136,0.414301777368541,0.42375459912944885,0.43439586146495784,0.4450430075910735,0.45451264029298544,0.4651779784474151,0.4746603812254648,0.4853325587288258,0.49601685650209587,0.5055151162126185,0.5162049548293578,0.525715421930318,0.5364208273360676,0.5471281927876579,0.5566513877882356,0.5673775797978339,0.5769072920117169,0.5876165960334394,0.5983336140410632,0.6078627103227731,0.6185861813379758,0.6281256980983443,0.6388634606439959,0.6496035973624223,0.6591534736060093,0.669905986088855,0.6794655875073656,0.6902220591588263,0.7009859301881298,0.7105566269096206,0.7213261132831759,0.7309045784547357,0.7416868546089445,0.7524702779423607,0.7620570750245863,0.7728504312052408,0.7824457841432771,0.7932416126871872,0.804041257154523,0.8136438141964352,0.8244498795684869,0.8340580838361146,0.8448700941049122,0.8556850090186223,0.8653007927722246,0.8761212199689257,0.8857413992686818,0.8965665607520918,0.9073944245216772,0.917023449488608,0.9278586658101358,0.9374857631661877,0.9483161197784414,0.959145336849755,0.9687698321027043,0.9795927074194645,0.9891986578447044,1.0
b1c17,0.0,0.008960236552836141,0.016996220157895307,0.02611873645035832,0.0342983622705044,0.043580712230121894,0.051895072271992,0.06132421655751375,0.06977388941834191,0.07935371259869026,0.08793082322590136,0.0976538325157173,0.10746200856192709,0.11624086277752242,0.12618758562782761,0.13508266385826115,0.1451565602549023,0.1541615673357808,0.1643465700130305,0.17344505848772968,0.18372253492666094,0.19404130980517975,0.2032416470159665,0.21362211281979243,0.22287353231112234,0.2333049568264354,0.2425981574735291,0.2530740915403849,0.26240182451978816,0.2729152165089482,0.28344834026536,0.29282187527700493,0.3033824456175113,0.31278672934655427,0.32337348184882514,0.33279498780461736,0.3434081158469302,0.352849795994333,0.36348148307631667,0.3729418286607247,0.3835945506528392,0.394251217090435,0.40374499803716724,0.41444754821297447,0.4239598541926346,0.4346684519570125,0.4441968859992734,0.4549214687285715,0.46445915170704594,0.47519665991673365,0.48474800687186387,0.4954971799555493,0.5062517578666937,0.515821842986121,0.5265880774659861,0.5361617447412371,0.5469429740623052,0.5565276706333846,0.5673140460837516,0.5769093014679321,0.5877115644645627,0.5985044769536851,0.6080926657815748,0.6188867063293552,0.6284833007711266,0.6392837308828762,0.6488917665173295,0.659702262624991,0.6693139969136153,0.6801322536293771,0.6909566070919717,0.7005808762884926,0.7114100609532552,0.721043272127435,0.7318821116768903,0.7415178916508477,0.7523667607203356,0.7620114276775493,0.7728627845142454,0.7825109876115582,0.7933702112292222,0.8042308439381659,0.813885922345928,0.8247505198146119,0.8344101203335513,0.8452795775117057,0.8549440297715388,0.8658188649533516,0.8754867584037639,0.886365409299262,0.8972452594094412,0.9069177245782268,0.9178012514570494,0.9274764508577548,0.9383700331825426,0.9480454387561416,0.95892915508507,0.9686029550465747,0.9794827240119515,0.989146362017923,1.0
b1c18,0.0,0.008762862856291556,0.017608699476267312,0.026519763303773,0.03550840128384991,0.04327486359526904,0.0524072000892111,0.061616606393350176,0.07091053860779598,0.08028622775537901,0.0897452161142289,0.09927617157768195,0.10886476169111899,0.1185167596930328,0.12683050255991896,0.13657728927938928,0.14636041044272452,0.15617937314989772,0.16603069685719332,0.17591125364937035,0.18581724096641675,0.19574814003186963,0.20570071064802348,0.21425299770284853,0.22424541661274652,0.23425779327343638,0.24428445443581004,0.2543441391768596,0.2644187532745601,0.27450175771805596,0.28459813524552935,0.2947025672213888,0.30337975437451986,0.3135086834661165,0.3236495999408126,0.33380099346547076,0.3439654566463076,0.3541388580444421,0.3643177602766362,0.3745042896061014,0.3847016310322056,0.3934533116950166,0.4036640342870539,0.4138848054436287,0.4241130782144831,0.4343504858635497,0.4445950478863913,0.45484714342596794,0.46510600540546093,0.47537923256440284,0.48565115243161294,0.4944614689568923,0.5047425738955112,0.5150301680771554,0.5253248823197113,0.5356241876800849,0.5459328737802608,0.5562513710907055,0.5665796362240795,0.5769132127618216,0.5857760981532663,0.5961235626097233,0.606482009592826,0.6168460996240458,0.627217899131766,0.6375975847846961,0.6479868889570636,0.6583833815324921,0.6687882399242722,0.6777128944246809,0.6881366453088167,0.6985578051464116,0.7089971760399126,0.7194430581536861,0.7299013565613497,0.7403663129405806,0.7508414498896208,0.7613254150279339,0.7703198956378893,0.7808227541192905,0.7913352552242067,0.8018556563696244,0.812386628854484,0.8229264992886525,0.8334751548083325,0.8440319810431252,0.8545964927921298,0.8636557017828209,0.8742338716110722,0.8848187083435786,0.8954102165175782,0.9060078898056552,0.9166119028914768,0.9272189362182071,0.9378305942666749,0.9484458073121002,0.9575467451399454,0.9681661050083243,0.9787868478835966,0.9894018147129597,1.0
b1c19,0.0,0.008628939982802345,0.017336601566252535,0.02611846006590131,0.0338654403289781,0.042778464095197005,0.05175633983005365,0.060797319236928375,0.06990682560429018,0.07907757447266661,0.08831120087397809,0.09644081573519077,0.10579191756017146,0.11520113862976965,0.12467038322046436,0.13419790292585976,0.14378589950388565,0.15343378262663795,0.16192794914377268,0.17169014852476464,0.18150597327646004,0.19137231925572726,0.20128066977684117,0.21122993402975884,0.22121637632855987,0.22997787541922554,0.24001730659381254,0.2500896821100907,0.2601807664274009,0.27029158534384906,0.2804294915509481,0.29058996726795544,0.300766958090521,0.30968427688926603,0.31989680753008587,0.33012383461312816,0.34035788615668416,0.35062157838655694,0.36090667308278523,0.3711949981282452,0.38020235699609944,0.39051034504218507,0.4008333454788866,0.4111612453517735,0.42149887091286187,0.4318514436086818,0.44220849346803043,0.4512766870425108,0.46165046790071695,0.47203697426622293,0.4824262944410637,0.49282116892843125,0.5032317472748405,0.5136465543245239,0.5227630982401683,0.5331900380053803,0.5436328703228174,0.5540719147496267,0.5645087549912311,0.574952253772503,0.5854025575837544,0.5945512165424786,0.6050122569592561,0.6154850261149482,0.625961334457066,0.6364429685331554,0.6469313770238466,0.6574271046633067,0.6666159872271183,0.6771219978522287,0.6876365165029376,0.6981575357374817,0.7086848462491372,0.7192154207747421,0.729759409958574,0.7403049138107625,0.7495353236336637,0.7600908461546781,0.770652641778735,0.7812196850736495,0.7917908320488819,0.80236685113821,0.8129481486357467,0.8222087930344981,0.8327991351195675,0.8433945294737625,0.8539938357657522,0.8645976793542628,0.8752055008682942,0.8858153411676349,0.8951036454011881,0.9057217205052286,0.9163420265066956,0.9269655981077692,0.9375895335561376,0.948214897193569,0.9588411949049478,0.9681393466783443,0.9787661424079952,0.9893902012936623,1.0
b1c20,0.0,0.008235799840726421,0.01819361544731047,0.026548827239680856,0.03495435291849887,0.0451030426013053,0.05360510973266679,0.06215146114087919,0.07246091989074109,0.08108909025156014,0.08975166212193088,0.1001921136947951,0.10892574209223463,0.11769384400396757,0.1264952689944105,0.13709212271356888,0.14594662589778845,0.1548271134366957,0.16551679515443293,0.17445211095835697,0.1834115275862539,0.19419420131233509,0.20319794128566665,0.21221743812578264,0.22306937497064236,0.23213512720576424,0.24121991098565287,0.25214950361173194,0.2612712963563394,0.270402998280547,0.28137897843769566,0.29054096315549344,0.2997213232485204,0.31076139802669617,0.31998044080791566,0.32921364239054757,0.34031575776269274,0.349583304302356,0.3588681190068776,0.3681671674626091,0.3793469999775086,0.3886770933251655,0.39802344207411955,0.4092582371709318,0.4186357613821494,0.4280268865304476,0.43931632209839283,0.4487368627587309,0.45817065393183054,0.46951015488319026,0.4789781927640347,0.48845957193245093,0.49985605281006507,0.5093659529765281,0.5188898347005287,0.5303336174557308,0.5398848837218884,0.5494527940248248,0.5609515339378185,0.5705433769169733,0.5801479078660199,0.5916921274501427,0.6013288370442639,0.6109803818892109,0.6206389594520072,0.6322496483783854,0.6419368915824583,0.6516383672329696,0.6632972326065659,0.6730242830813016,0.6827658618127914,0.6944721804174584,0.7042423351337901,0.7140246631808939,0.7257791120065922,0.7355869214935673,0.745406728912759,0.7572050557094941,0.7670489928253859,0.7769042577801825,0.7887453562882024,0.7986250793693002,0.8085158734357324,0.8203994046008689,0.8303138668477172,0.8402382095691951,0.8521588680045373,0.8621046749611396,0.872056344069249,0.8820163722885347,0.8939809672232307,0.9039599595492415,0.913945624103403,0.9259364777489333,0.9359357143488086,0.9459399452408138,0.957949971942889,0.9679608577282254,0.9779589114596282,0.9899884599650041,1.0
b1c21,0.0,0.009252308321104071,0.017065788469172456,0.02654158833205516,0.03451166296004739,0.044151714351298645,0.0522487075737237,0.06203777413555068,0.07189806446338579,0.08016822372691312,0.09014404069264094,0.09849523020525705,0.1085662205184763,0.11699544064493926,0.12715209700399951,0.13735409326717704,0.14588776721810884,0.15615735752996862,0.1647432646289843,0.17507709500822982,0.18371664412186534,0.1941139425250329,0.20453952928490898,0.2132445863639452,0.22371972844482144,0.23246742157754124,0.24298880805683648,0.251775696639374,0.26233579380956723,0.2729173666882453,0.2817493951574126,0.2923701809044824,0.3012366786417337,0.3118943539677705,0.3207813871588719,0.331459128856556,0.34214947202173446,0.3510725975436624,0.36179492208197395,0.37074495372707456,0.3815005273623483,0.3904734261116395,0.4012576395407746,0.4120614117643052,0.4210742074093965,0.43189997842119454,0.44093373923636103,0.4517875987441474,0.4608451517639795,0.4717286132676652,0.4826253372737356,0.4917149974288064,0.5026351603908579,0.5117437693418561,0.5226903291079712,0.5318227489015094,0.5427928103304724,0.5519444692875698,0.5629363941624791,0.5739422542451079,0.5831249396891014,0.5941520304008762,0.6033507620095951,0.6143982815735459,0.623615402145218,0.6346890088109833,0.6457715297804594,0.6550170374024814,0.6661208463082126,0.6753835573850288,0.6865089594004343,0.6957882398959444,0.7069353341327118,0.7180940883630389,0.7274017820367601,0.738581760799732,0.7479064633627738,0.7591059692183364,0.7684464350684586,0.7796639097509649,0.7908917359437382,0.8002555747334453,0.8115013549473744,0.8208804266285782,0.8321444714368408,0.8415384398310594,0.8528188342356096,0.8641065395641169,0.8735212973749972,0.8848219884247455,0.8942457498966221,0.9055628461079097,0.9150000721376317,0.9263282772187916,0.9376605206221909,0.9471067971688737,0.9584440290777337,0.967890695452107,0.9792115216768705,0.9886675869396884,1.0
b1c23,0.0,0.008386952728298291,0.016870780574683015,0.025454029117324178,0.03412081896315461,0.043748014763631056,0.05257613650245536,0.06147025149452848,0.07042253188924025,0.07943888765076222,0.08852095898073552,0.09766151634622178,0.10687825786914672,0.11707573287797346,0.12640247879532385,0.13578181466115127,0.14521017118147062,0.1546843844735759,0.16420715526485433,0.17376903987566178,0.18336742836254788,0.19396829837375856,0.20363423118927632,0.21332681700912953,0.22305056661280187,0.2327954639290664,0.2425625977210349,0.2523598431920824,0.26217022277988955,0.27199539605725254,0.282822479102011,0.29268060361403014,0.3025539224054085,0.3124446432194772,0.32234818290725387,0.33226670649133155,0.3421990807828197,0.3521443437599536,0.3630979140060533,0.37306829886111403,0.3830477762237739,0.39303642206306133,0.4030381480261579,0.41304483158408517,0.4230595419045469,0.43308500695768914,0.4441176919375523,0.4541601647701213,0.4642083169032935,0.4742637262573679,0.4843295473468001,0.4943996693062801,0.5044789509330116,0.5145787260103889,0.5246773643940699,0.5357950293524435,0.545910218848859,0.5560293054048869,0.5661546817607571,0.5762877754143032,0.5864242951573735,0.5965710673092351,0.606720430364928,0.6178882207682865,0.6280522777686633,0.6382148116942118,0.648383520897713,0.6585629842655478,0.6687348849260496,0.6789042367403868,0.6890788217030517,0.7002736703420483,0.7104591944659459,0.7206472701830176,0.7308379946805744,0.7410358458687074,0.7512359543410718,0.7614379440415029,0.7716470452765944,0.7818586085902315,0.7930951409237551,0.8033160763716404,0.8135374744538599,0.823762991535136,0.8339922964587051,0.8442226346368439,0.8544561348126716,0.8646921436714863,0.8759548502718504,0.8861963389415247,0.8964406270035989,0.9066873987413991,0.9169349239176707,0.9271854255263853,0.9374385142499522,0.9476955543102553,0.9589799178619872,0.9692376434433135,0.979494912263223,0.9897532299672406,1.0
b1c24,0.0,0.008401109738521059,0.016890709334139564,0.025466746410893186,0.034990868433950356,0.04373462383420786,0.05254790241127445,0.06141898838132549,0.07035041930265418,0.07934220896489301,0.08838734373493115,0.09839485387914475,0.10755376916710935,0.11676967369168852,0.12603601453785077,0.13535539725285559,0.14471872273061237,0.15507138961724173,0.16452859363086955,0.17402983916646994,0.1835711123868234,0.19315413941772352,0.2027670799792767,0.21240653196401355,0.22305630748956853,0.23275309860859877,0.24248285768087183,0.2522412471451992,0.26201406538957894,0.2718042407165461,0.2825971380969083,0.29242588707165745,0.3022711245340992,0.3121343758910999,0.3220105663299767,0.33189964390218324,0.34180175932498347,0.3527062047653462,0.36263304712652017,0.37257105946988744,0.3825187589351063,0.3924770614120919,0.40244386103782265,0.412419185923395,0.423402825166143,0.4333947168895926,0.44339276693755014,0.4533989708179894,0.46341214226163097,0.4734331480589411,0.48346278871138126,0.49449993676158105,0.504544894542712,0.5146107710633663,0.524673982253196,0.5347440893989079,0.5448244004927797,0.5559178458572427,0.5660102746381466,0.5761104390989714,0.586212796890115,0.5963256379359552,0.6064414082340295,0.6165550120782729,0.6276994004478399,0.6378330026781052,0.647970498770089,0.6581214514350472,0.668268670262603,0.6784153757777374,0.6895829332940688,0.6997403122886511,0.7099026118647649,0.7200716296130691,0.7302428458200677,0.7404205502770786,0.7506010676481711,0.7618045727040375,0.7719963609153789,0.78219152711183,0.7923792168962437,0.8025829441561965,0.8127886836388291,0.8229977876208424,0.8342317111624301,0.844447583555722,0.8546652581931992,0.8648872835926835,0.8751127406352825,0.8853417545863217,0.8965962686513868,0.9068285824272906,0.9170648504657828,0.92730344792649,0.9375419875505153,0.9477856420645302,0.9580279989095482,0.9692951365664129,0.9795350553436268,0.9897742773265326,1.0
b1c25,0.0,0.009000593795565328,0.017083403267283276,0.026258110940256107,0.03448451972919649,0.04381387051902591,0.05217017478881852,0.0616343956845237,0.0701021591088468,0.07969013236528472,0.08826604975290965,0.09796540322006442,0.10663543839258699,0.11644820114472128,0.12521954832504503,0.135136298388032,0.14399724756582316,0.1540186070929068,0.16297549693282368,0.1730990067354378,0.18214547898670475,0.19237342772301727,0.20150663553443013,0.21182313059683977,0.22102992487600812,0.23142365652566485,0.24185222104466472,0.25114927747070737,0.2616396958982156,0.2709852716150636,0.2815218566245344,0.29091010825203734,0.3014896043865055,0.31090846395881083,0.3215227361945453,0.33097318493994554,0.34161533946120637,0.3510865643049822,0.36175625631920705,0.37125082652571345,0.38194304800291884,0.3914593079119699,0.40217159566042254,0.4116972623338269,0.4224405094915895,0.4319974840986323,0.4427543989059433,0.45232473628855996,0.4631026396787414,0.4726863319210645,0.4834717049497892,0.4942708851734942,0.5038726497931777,0.5146798388390724,0.5242957358827982,0.5351190132504586,0.5447413785755154,0.5555765294048609,0.5652156476452844,0.5760597232757491,0.5857053598936353,0.596570658982061,0.6062253895744588,0.6170857812774995,0.6267444929857254,0.6376150468530265,0.6472824872750302,0.6581662299949926,0.6678432076800761,0.6787333822683798,0.6884173979510717,0.6993193978273535,0.7090126874009121,0.7199216547104997,0.7296254855052781,0.740544408940409,0.7514675282375392,0.7611846494342475,0.7721168109135005,0.7818364331850213,0.7927767494776735,0.8025054170976638,0.8134535635400726,0.8231883848422109,0.8341432727764561,0.8438840737247462,0.8548466419726883,0.8645941159971046,0.8755628029842951,0.8853157062759185,0.8962905584798067,0.9060481394835799,0.9170276819519217,0.9267899038025201,0.9377761843701837,0.9475412498264807,0.9585279094511037,0.9682928544731338,0.9792755356959403,0.9890362067150525,1.0
b1c26,0.0,0.008746591422546138,0.01660057841954446,0.02552516578541128,0.03454171892100987,0.042627520311661025,0.05180640585664871,0.06106615050964278,0.069362827191756,0.07876146873571116,0.08823332057998395,0.09671370388861426,0.10632090946822546,0.1159908283018437,0.12572952580430613,0.13444485258174568,0.14430240788704882,0.15421516742568384,0.16307074806995905,0.17307933576168585,0.18312949068575735,0.19210299215478224,0.20223459757825515,0.21239940486012607,0.221462948246213,0.2316875502931667,0.24193922313329713,0.2510725294938788,0.26137154866647233,0.2716910519665293,0.28088660038042623,0.29124933237254924,0.301626800790027,0.3108687752233935,0.32128340011153855,0.3317172676981442,0.3409983179427561,0.35145342639277466,0.36192074252074335,0.37240193711795994,0.38172289280584537,0.39222537152107584,0.40273984394670004,0.41208761551105316,0.42262475642148706,0.43317824493626805,0.44256098070954825,0.453124147386392,0.4636984679317592,0.473103784802381,0.4836832247603111,0.49426538393958636,0.5036897653304524,0.5142958618693528,0.524912279351251,0.5343554264323518,0.5449826656884388,0.5556168671787407,0.5650753398919047,0.5757178789809909,0.5863652937638227,0.5958426512820489,0.6065023993348699,0.6171585770168004,0.6278190146182213,0.6373006709192088,0.6479709520162684,0.6586492146850292,0.6681448768038359,0.6788307562345544,0.689521679107826,0.6990309620345904,0.709731418485383,0.7204337546450003,0.729954530011834,0.7406678926914033,0.7513819444804396,0.7609152570945431,0.7716410495435795,0.7823657942212678,0.7919044800668107,0.802641469419405,0.8133798039461739,0.8229285380331189,0.8336729490628336,0.8444223588533184,0.8539775703716418,0.8647335241221551,0.8754937734717152,0.886251971631013,0.8958210182542001,0.9065903426166418,0.9173605703854564,0.9269374898949259,0.9377179159788467,0.9484989005301657,0.958082585432481,0.968865721515954,0.9796461333280522,0.9892307578652132,1.0
b1c27,0.0,0.008078675780707797,0.01727427267051976,0.0255398046028174,0.03493423500151856,0.043360617017418925,0.05185583845199457,0.06149470131659115,0.07013369017340675,0.07992002919788435,0.08868360801725657,0.09750764328767203,0.10750757793007391,0.11644760023406442,0.12656421983406213,0.13560514213783087,0.14469476852535845,0.15496957448727836,0.164146468493426,0.17451855675799186,0.18377882341345644,0.19307302409584493,0.20356483758523836,0.21292436222729633,0.22348017842588894,0.23289024218125987,0.24232060726311622,0.2529581005043551,0.2624301607480936,0.2731108107710065,0.28262182652323986,0.2921458984468378,0.3028794324691147,0.31243586938481543,0.3231964757573913,0.3327759941331511,0.34236430959454867,0.3531652968342867,0.3627724841584693,0.37359496979791607,0.3832226167204105,0.3928545292282674,0.4037043409318558,0.41337063673968855,0.42424473701108434,0.4339181152550923,0.44360304882480245,0.45450230690473514,0.4641950040040063,0.4751105738885287,0.4848207805497849,0.49453481697873736,0.5054679608514566,0.5151997711609054,0.5261467939220122,0.5358827377715966,0.5456298417234318,0.5565985880909167,0.5663499035785137,0.5773310517066917,0.5870988882415309,0.5968621886009181,0.6078463467445158,0.6176169187136805,0.6286109625748517,0.6383894514421701,0.6481749316367378,0.65918533257189,0.6689766345013987,0.6799962851020727,0.6897975290793297,0.6996013322025524,0.7106322024284554,0.7204453931919188,0.7314875821339852,0.7413038692325892,0.75112831816298,0.7621834356783032,0.7720087759709903,0.7830700195638374,0.7929060014703064,0.8027430651669898,0.8138144042902061,0.8236580595295399,0.834734638841361,0.8445854488110616,0.8544397568389892,0.8655267010169537,0.8753854319898406,0.8864788067019403,0.8963425474114427,0.9062093518438792,0.9173098533493157,0.9271800531001266,0.9382901677945598,0.948165206923118,0.9580410310252019,0.969153029017535,0.9790284361166871,0.9901384041702205,1.0
b1c28,0.0,0.008920728626448736,0.016918891027700833,0.025990795106877535,0.03411879259822746,0.04333375204668695,0.051580285632909055,0.06092371525313016,0.07033664019936647,0.07876302936425442,0.08829942650906722,0.09682960657176076,0.10649288822220287,0.11621993815676873,0.12491732830637796,0.1347607726180051,0.1435643039544672,0.15352895190209068,0.16243844538737198,0.17251862418542838,0.18265728925318417,0.1917136367795057,0.2019482893530837,0.21108492290216047,0.2214022279668923,0.23060295540533443,0.2409825471606422,0.25138923075207703,0.26066147383875465,0.2711121882511231,0.2804224227645419,0.2909142458477726,0.30142296250598793,0.3107808673534751,0.3213246227908997,0.33070718831113427,0.3412755124804323,0.3506851686034408,0.36127989751901707,0.3718855407133227,0.38132523952602193,0.3919534915418624,0.4014059787695216,0.41206079721303096,0.4227320635425321,0.43221716074060434,0.44289511195650727,0.45239898516289806,0.4630955545179117,0.47260908857982387,0.4833211213807392,0.4940437000241497,0.5035783459531955,0.5143139296332351,0.523867105236331,0.5346157541630597,0.5441749836242172,0.5549412023398469,0.5657087790894595,0.5752833855496725,0.5860661068673263,0.5956581321988592,0.6064470517890205,0.6172361736491048,0.6268317082068264,0.6376305268017974,0.6472324927357794,0.6580443252250978,0.6676577096550169,0.678476369426969,0.6893029972211303,0.6989300208554633,0.7097646833850292,0.719397769174527,0.7302428394110311,0.7410913758184856,0.7507362843073973,0.7615960241588422,0.7712495025463189,0.782111887828229,0.7917734944617065,0.802645186851019,0.8135189637193424,0.8231874880066052,0.8340664726527033,0.8437405944573482,0.8546279258772074,0.8643065882155522,0.8751989841199702,0.8860941685238233,0.8957813209291451,0.9066826715383228,0.9163747949176074,0.9272809993321949,0.9381904633871351,0.9478874409081983,0.9587965812639883,0.9684944730361329,0.9794047187006253,0.9891014464116066,1.0
b1c29,0.0,0.008356467863770096,0.016793646339419016,0.025302330270053696,0.03484222477291286,0.04349806578612342,0.05222194046310999,0.06101351053135859,0.0698641245665563,0.07877772736586396,0.0877520366322424,0.097794098388838,0.10689124708540015,0.11604770441588073,0.1252660907082621,0.1345379884837083,0.1438592569576921,0.15428087296311618,0.1637125218159603,0.1731846675614369,0.18269691103020727,0.1922496822916547,0.20184139821739014,0.2114726377368688,0.22221441278036158,0.23191394318390585,0.24163787254414046,0.25138460082272657,0.26115237096036464,0.27093817813252824,0.28183362733217515,0.2916590599779028,0.3015003420778408,0.3113555478933163,0.3212281806197314,0.33111036652240644,0.34100551584453576,0.35201808587600564,0.3619400290658271,0.3718698430494673,0.38180878557007364,0.39175921687850246,0.4017164911498991,0.4116834441092937,0.4227691713092136,0.43275247587480076,0.44274980530053104,0.4527637653991381,0.4627801909894062,0.472803315335432,0.4828359345656554,0.4939897555069363,0.5040349289568393,0.5140900072259298,0.5241502636156807,0.5342178922183135,0.5442923210364016,0.5554943445768118,0.5655798279856309,0.5756744035907789,0.5857768382263026,0.595880892120791,0.6059905027717682,0.6161139413502454,0.627358623862139,0.6374749681390806,0.6476015079603064,0.6577306380497158,0.6678662398184165,0.678009237852039,0.6892809579029485,0.6994304766652192,0.7095862329932551,0.719746373514565,0.7299088769125001,0.7400784526605457,0.7502530406857086,0.7615618174733005,0.7717462124289984,0.7819339825476226,0.7921235735842379,0.8023180572679546,0.8125164177414257,0.8227175428341141,0.8340562763851928,0.8442651682912643,0.8544781017803262,0.8646952400701532,0.8749156662423592,0.8851393331381402,0.8965029679029222,0.9067329431551892,0.9169655921750803,0.9272009291417466,0.937437981575538,0.9476793418452535,0.957918746967688,0.9692965533205611,0.9795366532213606,0.9897746397985804,1.0
b1c30,0.0,0.008369766113296947,0.016826711397829812,0.025370367625627062,0.0339972529129658,0.04270982381095754,0.05150399657524737,0.06037625425807019,0.07061310196160692,0.07965097137376595,0.08876305672398228,0.09794495698833315,0.10719831451302705,0.1165149992254177,0.12589525558703296,0.13533458246435243,0.14482843737423912,0.15437661992177176,0.16397560788741336,0.17362306803896405,0.18330481809329044,0.1930201929960837,0.20416061815548775,0.21393816536294988,0.22373950515865376,0.2335620580240276,0.2434051257872209,0.25326862369436137,0.2631493570516417,0.27304199177205435,0.2829557168244719,0.2928956693479082,0.302840152080715,0.3127940422229965,0.322760796570248,0.33274096676609416,0.3441561215348745,0.354153587062783,0.36415687195106655,0.37417085475156564,0.3841938202459626,0.3942249034581352,0.404261368879131,0.41430859641982126,0.42435942606767,0.43441518401125895,0.44447792502508937,0.4545509807338661,0.4646281048988589,0.47470842686665304,0.48479304505824666,0.4963331755620897,0.5064348552353485,0.5165355676060397,0.5266369242142989,0.5367445776162295,0.5468547870165185,0.556969298723421,0.5670901895447417,0.5772189357118026,0.5873504824063368,0.5974842174269287,0.6076222678659771,0.6177689057511999,0.6279192533417987,0.6395243212622899,0.6496790246882634,0.6598433061128451,0.6700106697667659,0.6801823691151891,0.6903559845499592,0.7005341138380892,0.7107175273341534,0.7209037824504774,0.7310922791512732,0.7412864230012265,0.7514809242502842,0.7616821466030691,0.7718859983534988,0.7835520864937255,0.7937615468688255,0.8039741025851075,0.8141924273771703,0.8244141959880592,0.8346383767725535,0.8448654617627027,0.8550944689220128,0.8653279842573898,0.8755638624279938,0.8858026719741544,0.8960438968029142,0.9062861534120681,0.9165325022679989,0.9282489470498495,0.9384999293878117,0.9487528633627879,0.9590044349226465,0.9692565255492829,0.9795107432683182,0.9897625404329821,1.0
b1c31,0.0,0.008645174459217773,0.0164150329271309,0.025246794454842517,0.03416782905937087,0.04317619921791284,0.0512548978770475,0.06042248666173616,0.06966377722383807,0.07898387554982099,0.0873342405349659,0.0967988015112572,0.10633293981643975,0.11594031993259715,0.12454366669748106,0.13428502854367047,0.14408844891769645,0.15395301134654413,0.1627695863028464,0.17273951075318317,0.18275875873800532,0.192820827668747,0.20179918501989394,0.2119320567214853,0.2220934466893291,0.23114850983506524,0.2413579158565731,0.25158910577754157,0.26184139185546657,0.2709718156794794,0.2812616910446847,0.2915710403361832,0.30189474838097674,0.3110833328130842,0.32143807289293946,0.33180234060885844,0.342177116002044,0.3514100043485711,0.36180844617498886,0.3722167027301069,0.38263514657274894,0.39190585479172657,0.4023387129189934,0.41278281700821795,0.42324869241558627,0.43255348938733496,0.4430292626034789,0.4535166026051616,0.46400971580440853,0.47334197898401353,0.4838492311973482,0.4943636948913804,0.5037138582480695,0.5142381868876098,0.5247753387090253,0.5353144207864489,0.5446871225962338,0.5552424138566737,0.5657992013176885,0.5763583049340694,0.5857554675354056,0.5963313468194427,0.6069022397805198,0.6174757872910044,0.6268790657138709,0.6374613821853178,0.6480485838953506,0.658642897194763,0.668063847161817,0.6786663994884472,0.6892765542927355,0.699890362017311,0.7093275384124624,0.7199487364676629,0.7305752742072925,0.7412070296142693,0.7506611846050416,0.7613054037586847,0.7719511874424686,0.7814171207150552,0.7920703769418624,0.8027281531152268,0.8133906216859577,0.822871741692643,0.8335417824807958,0.8442161238016773,0.8548929800844238,0.8643879845504491,0.8750750803982608,0.885766470705062,0.8964615099191442,0.905971264677723,0.9166708345758656,0.9273769214877047,0.9380886417926468,0.9476112289521692,0.9583255852599217,0.9690416949260285,0.9797612995952034,0.9892908765439425,1.0
b1c32,0.0,0.008147511726328535,0.017545454123100535,0.0258375668460293,0.03419462096547309,0.04261573419370496,0.05231886832769767,0.060877224023872675,0.06949742535582124,0.07942660163181207,0.08818118020016948,0.09699778627691721,0.10587572910448122,0.11609675692462604,0.12510709503294323,0.13417494329432758,0.14460956312459092,0.15379865151425762,0.16303388868384563,0.1736426848256298,0.1829698555726704,0.19233736438546917,0.20173242721591933,0.21250383281322335,0.2219595877901884,0.2314439145810701,0.2423078690186099,0.2518376359001791,0.2613892248606912,0.2709635622594396,0.28192281760561516,0.29152551350926353,0.3011575473737909,0.31218780484620356,0.3218467791520448,0.33151612602055014,0.34119783927837116,0.3522799313688424,0.36198370939566726,0.371696312012558,0.38280805563738524,0.3925434027399055,0.40228352129766826,0.4120299238415637,0.4231801522865481,0.43294842065156897,0.44271936519493826,0.4538929769985736,0.46367889348969776,0.4734767791331487,0.48467505349076684,0.494480058042672,0.5042947874567311,0.5141207870704713,0.5253484484012935,0.5351696218820627,0.5449984344343486,0.5562393161810744,0.5660798388581842,0.5759246860824548,0.585777871199134,0.5970457771824389,0.6069081532958395,0.6167745583014078,0.6280585506040939,0.6379373305629596,0.647820569194112,0.6577064220794387,0.6690122927198386,0.6789084659934189,0.6888092788369264,0.7001267190211,0.7100382114130708,0.7199508559899399,0.7298663592238408,0.7412010134061313,0.7511255961732402,0.7610517740807224,0.7723996033556914,0.7823314645848176,0.7922644602121116,0.802201846395101,0.8135623595854695,0.8235064837773656,0.8334537264443171,0.8448232073091199,0.854775447915687,0.8647303799840155,0.8761104959963311,0.8860708796317884,0.8960334308768456,0.9059981206139651,0.917389295097988,0.9273619069132748,0.937332337284838,0.9487284131331153,0.9587005526118827,0.9686729200243124,0.9786457526585686,0.990041496224363,1.0
b1c33,0.0,0.00889943489862353,0.01675104741226251,0.025806683620460784,0.03379815800917438,0.04300883513036036,0.05113880533326409,0.06050833655255767,0.06877548438835272,0.07830210379175542,0.08670447894516636,0.0963845382241424,0.10614357869006413,0.11474335768419268,0.12463874360280465,0.1333530693850227,0.14337381335506294,0.15219463609603315,0.16233175058644556,0.17124707227420488,0.18148631816579253,0.1917712403758815,0.20080313644699999,0.2111618492737084,0.22026037165880974,0.23068153994720034,0.23982577984160677,0.2503041804214144,0.25949887791669896,0.2700296093342112,0.2805857692078932,0.2898443263051938,0.3004489424357487,0.30974309455979476,0.320380004028543,0.32971862571910343,0.34040866502637607,0.3497703190524072,0.3604820843042469,0.3698699875793441,0.38061238669644626,0.39136643021442813,0.4007825926482682,0.4115620622290704,0.42099830360515705,0.43179272292839815,0.44124539855341294,0.4520615316025423,0.4615291220774805,0.4723572888876557,0.4818387156936745,0.49268772076770156,0.5035382035460666,0.5130378074632779,0.5239092360802544,0.5334264589543727,0.5442995326841833,0.553811965710253,0.5646920573704863,0.5742167396850185,0.5851087878892863,0.596007039907266,0.6055542409948625,0.6164663127164425,0.6260183478660696,0.6369403926748168,0.6465063316731724,0.6574430138292721,0.6670155243353948,0.6779625428639158,0.6889149570098282,0.6985029243965422,0.7094628279627195,0.7190624532286493,0.7300350283205186,0.7396381259586065,0.7506159505475848,0.7602289090373474,0.7712166743402928,0.7808331555885176,0.7918272986638899,0.8028235396990062,0.8124501440596192,0.8234564949807187,0.8330909397022058,0.8441031325373869,0.8537427180475317,0.864763276142911,0.874409265752327,0.8854366810458189,0.89646749527343,0.906122009867629,0.9171592848791036,0.9268231114921581,0.937869747649135,0.9475349331808155,0.9585821586056207,0.9682490728914002,0.979298404589689,0.988965861787897,1.0
b1c34,0.0,0.008018822031183457,0.017272855611120564,0.025453766849387053,0.03489433370050507,0.04323793008566889,0.05165681138462209,0.06137045882644911,0.06994664010443027,0.07984103123183942,0.0885765169126492,0.0973805014666542,0.10752597822823358,0.1164693818402227,0.12676006318776847,0.13581808057531594,0.14491951656611735,0.15537376397686334,0.16456083325091808,0.1751075472812966,0.18436771322497317,0.19365676487554948,0.2043047677401585,0.2136500750133895,0.224352007349213,0.23373528176619546,0.243134574593621,0.25390146898248034,0.26333719843103875,0.2741394040339482,0.2836067036774914,0.2930903172655227,0.3039383020870223,0.31343946279898705,0.3243251915953288,0.3338657307004133,0.3434085007192506,0.3543247090646044,0.3638863535907202,0.3748234164051527,0.38439813097932835,0.39397842257943916,0.40494143488539314,0.4145398483953717,0.4255148256303855,0.43512214186117565,0.4447396474907335,0.45573631837195255,0.4653636054418261,0.47637251688573773,0.4860142396371591,0.49565553349592845,0.5066814168901687,0.5163356803903721,0.527381472984107,0.5370419087134863,0.5466983341221169,0.5577398096186171,0.5674071130578152,0.5784583325198287,0.5881307099180457,0.5978111418143058,0.6088792184762186,0.618566623011744,0.6296390457169455,0.6393371489208806,0.649037888541775,0.6601287336013806,0.6698340349395127,0.6809333577039814,0.6906484919133647,0.7003669576326798,0.7114765970810208,0.7212049756609069,0.7323247552738786,0.742056135456212,0.7517906312160813,0.7629205274750148,0.7726604683236703,0.7837951046282114,0.7935410621210012,0.8032879809070836,0.8144303434820882,0.8241838443941505,0.8353342269645353,0.8450917394895808,0.8548515810089827,0.8660100489618167,0.8757759846594267,0.8869371072497274,0.8967060196096577,0.9064759935402829,0.9176421359449745,0.9274166449728053,0.9385897801756212,0.9483629154288862,0.9581365015427907,0.9693072412011703,0.9790797433887218,0.9902454988983845,1.0
b1c35,0.0,0.008493427810009686,0.01706745371691306,0.02571719957656195,0.03444067846511226,0.04323969702636213,0.0521124553972613,0.06105637766228223,0.0700694179435076,0.07915161846276027,0.08830249815754827,0.09751824137475702,0.10680007637686172,0.11614465112722645,0.12555252820830615,0.13501682667088322,0.14453936158664887,0.1541108719364265,0.16372921806482998,0.1733934769253961,0.18310459953860475,0.19285101470918278,0.20263143464408084,0.21244734918616376,0.22229631877607686,0.23216927423215852,0.24206998134020127,0.25199405512506634,0.2619452136053346,0.2719117215575201,0.28189244711832223,0.29190498495587514,0.30193916834074236,0.3119838554335086,0.32204183924344326,0.3321131183979254,0.3421995132669634,0.3522951988586973,0.3624008900341588,0.372513211518238,0.3826440502090448,0.3927788859722874,0.4029205859387711,0.41307105530648386,0.4232359248414102,0.43340225127629656,0.44357327591844037,0.45375340611670334,0.4639452557533104,0.47413601237179237,0.48579156316834726,0.49599988974778464,0.5062165061346635,0.5164327200690568,0.5266413556254876,0.5368562626873995,0.5470779500854074,0.5573028584759215,0.567531082569793,0.5777680819671639,0.588011658964505,0.5982550627370723,0.6085034049255772,0.6187572889342238,0.6290138333569486,0.6392757478849245,0.6495396899114221,0.6598085157235404,0.6700810242778791,0.6803581036602437,0.6906348894389702,0.7009182654457805,0.7112069578883597,0.721494235021396,0.7317837808224689,0.7420776668512349,0.7523756927050239,0.762674050870364,0.7729747066660442,0.7832781282930975,0.79358253875634,0.8038908024413348,0.8141996800997157,0.8245121133956097,0.8348267523562348,0.8451432681015929,0.8554598951665162,0.8657801165768658,0.8761019630332515,0.8864235066894381,0.8967486521032043,0.9070748663769659,0.9174003867907973,0.9277340431412529,0.9380625109842194,0.9483896638562406,0.9587182778833465,0.9690461067712245,0.9793700667894703,0.9896921146093608,1.0
b1c36,0.0,0.008465125367220582,0.017002058034894123,0.02560940636749626,0.034284904223253476,0.043030307566354405,0.05184555310773658,0.06072883458247399,0.06968418752189529,0.07870585436948191,0.08779572347200398,0.09695373582886807,0.10618055465044823,0.1154753472225823,0.12483620402930573,0.13426226217328247,0.14374987121131608,0.1532943230599433,0.1628861998996746,0.17252168268492338,0.18220319057659473,0.1919261847628353,0.20168503314533265,0.21147968123048333,0.22130752862176295,0.23257579628731295,0.24246537851246244,0.252379433828661,0.2623189996630093,0.272273009853282,0.2822441479704509,0.29223598259438893,0.3022547236741277,0.3122844486976724,0.3223238944787073,0.3323751294523877,0.34244144850138947,0.3525193860237271,0.36260657257195866,0.37270035762637027,0.3828107931399131,0.39292610562611785,0.4030510778205875,0.4131816401847071,0.4233277851245322,0.43347554506902636,0.44363122707236435,0.4537936728381744,0.46396657850779743,0.47414333519531937,0.48432488841256455,0.494513605421768,0.5047141588787218,0.5149165847850639,0.5251147952902124,0.5353158454720697,0.545525001133597,0.5557364404731854,0.5659545191550129,0.5761778588596613,0.5864103529434183,0.5966425215678833,0.6068805876567556,0.617121535760725,0.6273708432381222,0.6376234666308139,0.6478787225152602,0.6581393822804457,0.6684072943384795,0.6786770866307018,0.6889490176944352,0.6992260625526567,0.7095125363066368,0.7197980026801146,0.7300869162178922,0.740377886172186,0.752148193437997,0.7624485547298011,0.772748492501142,0.7830543491792351,0.7933634063663697,0.8036738608569097,0.8139891643221451,0.8243064452632874,0.8346281228412424,0.8449518998569795,0.8552762722050928,0.8656050682319575,0.8759363605848551,0.8862699816857115,0.8966055170280428,0.9069409921406018,0.9172805825445508,0.9276251658737168,0.9379654799909635,0.9483084171762582,0.9586499791833704,0.968992933986898,0.979335419653763,0.9896745376432383,1.0
b1c37,0.0,0.007912884189798604,0.017229666567919463,0.025288670781799055,0.03477115115442969,0.04296661458537604,0.05260365416873446,0.060928256318136816,0.07070931592154456,0.07915937358525045,0.089087078912955,0.0976572889559603,0.10772622275329959,0.11641749628814979,0.12515799487854148,0.1354171065494935,0.14426122909201483,0.15463871660371817,0.1635832523504935,0.17406563491481153,0.183088560646314,0.19365918503490223,0.20275737454790707,0.21340579028023188,0.22255707749364576,0.23326459727114982,0.24247776810436233,0.25171159532463916,0.2624993614095047,0.271762313763623,0.28259451718939776,0.29189659230918946,0.3027600161122729,0.31208559518056056,0.32298220487903606,0.3323378720541106,0.3432648943215997,0.3526388739007742,0.36202177135623653,0.3729833646946305,0.3823899669349052,0.39336840478707763,0.4027878065489501,0.4137877065137346,0.4232286767570832,0.4342455094548577,0.4436953578535337,0.4547273016245243,0.46419778245867416,0.4752460089968276,0.4847173947845426,0.49418875186010275,0.5052450341660598,0.514728616668888,0.5257982002896985,0.5352897592671773,0.5463742328924881,0.555880344618223,0.5669753617038438,0.5764894110758748,0.5875956135541797,0.5971234553230498,0.6082417335683751,0.6177753552576645,0.6273123689979546,0.6384468893968765,0.6479918474780066,0.6591357760913638,0.6686897305980966,0.6798426870270288,0.689408042341991,0.7005677965595478,0.7101364560038343,0.7213056840423564,0.7308836694325724,0.7404647270233592,0.751645629900107,0.761230678629188,0.7724186317532484,0.7820096606439945,0.7932051394767508,0.8028048504470726,0.8140069387286188,0.8236128439372423,0.8348207167510046,0.844431697762799,0.8556474808496112,0.8652631803247003,0.8748811055124786,0.8861045584638315,0.8957264606569781,0.9069524703290233,0.9165802013871431,0.9278132181638845,0.9374411161392989,0.9486745021573271,0.9583012886896893,0.9695343500967235,0.979162081006076,0.9903897803809965,1.0
b1c38,0.0,0.008277420549401587,0.016637615656701247,0.0250709463367934,0.03500378957842162,0.0435960413663234,0.052256595261706555,0.06098623670697984,0.06978655217646645,0.07865656962231203,0.08759713425190399,0.09811536716468494,0.10720606362314354,0.11636483873429534,0.1255918937089846,0.13488058824569668,0.14421752975626626,0.15516862928735786,0.16461520099734686,0.1741161800821135,0.18365496262467018,0.19321883224337535,0.20281392367426168,0.2124355349162261,0.2236947357836977,0.23336731767985683,0.2430577773649346,0.25276652988218307,0.2624922057606986,0.27223934907583036,0.28362897912070434,0.2934059635301757,0.30319463694474785,0.312997083172092,0.3228172808165103,0.33264610626820823,0.3424843196327425,0.3539755328022735,0.36383672319242977,0.3737110776548413,0.3835900111830756,0.3934746800248377,0.4033702196569643,0.41327664117018587,0.42484751780712726,0.4347671091722805,0.4446893605944678,0.45461644648169397,0.4645510584449025,0.47449214786333654,0.48443891604819334,0.496051269049205,0.506010953873682,0.5159792104269564,0.525951794395817,0.5359264009390198,0.5459065033296965,0.5575594733974768,0.5675531061669296,0.5775509668478092,0.5875487594222311,0.5975538810950135,0.6075654970934283,0.6175747234299424,0.6292633681600895,0.6392853682063873,0.6493115769505926,0.65934495593016,0.6693784617501942,0.6794162036044438,0.6911281235602763,0.7011709610584572,0.7112187804815303,0.7212682089977684,0.7313184491680291,0.7413714704561145,0.75142724162053,0.7631620027014842,0.7732221482999349,0.7832853366637249,0.7933508896962204,0.803418076658869,0.8134872098104061,0.8235585985978338,0.8353114410060418,0.84538651191599,0.855462288571295,0.8655398998833541,0.8756190021957296,0.8857001901902664,0.8974626759105274,0.9075463829067512,0.91763421659196,0.9277202185883568,0.9378078888805503,0.9478964317476802,0.9579849266591167,0.9697554197305798,0.9798438630935504,0.9899295418966885,1.0
b1c39,0.0,0.00811619095888119,0.0163040943730297,0.025946263025686794,0.03428677506376449,0.042696502550758,0.05117510222123714,0.06115492018022837,0.06977806190550472,0.07846724467090711,0.08722393061685264,0.09752787205713817,0.10643316670866769,0.11540393084775946,0.12443909517778633,0.133537026124726,0.1442274782210551,0.15345125665847284,0.162722794203946,0.17203973783819745,0.18296528221486122,0.19238962847437513,0.2018456515839126,0.21132510793502743,0.2224205391394783,0.23195846962016878,0.2415228472533484,0.25110568451650694,0.26070771168341333,0.2719321755850139,0.28157320071900765,0.29123481412074076,0.30090798707620087,0.31221049959951297,0.321911860387283,0.3316294575134984,0.3413598077805806,0.35272083808448007,0.3624700645806711,0.3722293288184732,0.3820035013318325,0.39178294979748246,0.40320122802043007,0.41299608575272334,0.4228028038478213,0.43262048692391736,0.4440757893224125,0.4538956751664084,0.46372042940009023,0.4735526661829987,0.48339029578038023,0.49487427183928834,0.5047238356232909,0.5145800378837977,0.5244447669482621,0.5359556756814395,0.5458268591223512,0.555703006372529,0.565585670642185,0.5771206555886852,0.5870117953532149,0.5969051046496109,0.606803159500214,0.6167082372625476,0.6282662736191433,0.6381775945482919,0.6480906618242347,0.65801055397416,0.6695890857826595,0.6795151468160989,0.6894421389179616,0.6993732685230952,0.7109670182995934,0.7209055874155877,0.7308469748553288,0.7407901208947795,0.750736414095599,0.7623432504454293,0.7722948934223559,0.7822489013651523,0.7922058339257383,0.8038260700640555,0.8137884527214949,0.8237529370602804,0.8337202898066053,0.8453513760548369,0.8553223257976936,0.8652952004735897,0.8752695822581026,0.8852456354934635,0.8968865957537214,0.9068660179282231,0.9168486535829992,0.9268294425702347,0.9384750514335055,0.948457786490059,0.9584398990985007,0.9684209040433736,0.9800633037148904,0.9900396180905146,1.0
b1c40,0.0,0.008798569832612377,0.016798579584242027,0.025783478119643186,0.034855751942874394,0.043082788624503626,0.052294294447497,0.060647420449080607,0.06999234930102358,0.07939900556036653,0.08792205842153486,0.09745820827942135,0.10705641647413583,0.11574960835666019,0.12546450902402587,0.13523577486332622,0.14407844580037965,0.15395228756755472,0.16387050874309741,0.17283494040104683,0.18283380614726522,0.19186183266754245,0.2019289164686292,0.2120343933310058,0.2211536064776951,0.2313190876424556,0.2415188382952207,0.25072010160544045,0.2609682221008182,0.27124275851078555,0.2805124184746009,0.29083650455216203,0.3001486321526823,0.31051516976622834,0.3209032280791653,0.33026793536363863,0.3406892857912449,0.35113006064425484,0.36054155463326276,0.37101512526146296,0.38150454804236045,0.39095578606232945,0.4014712298926281,0.41200321353538694,0.4214891206791327,0.43203840245838554,0.44154358266088967,0.45211259875471244,0.46268938801773746,0.47221938151686965,0.4828093154275682,0.49341695963331517,0.5029779331042169,0.5136020197230067,0.5242363432193182,0.53381307879815,0.5444584134973497,0.5540475064781573,0.5647069590241053,0.5753698397313772,0.5849763979184958,0.595651374241963,0.6063309704781947,0.615953529998138,0.6266438373874208,0.6373413819509499,0.6469789476400812,0.6576800758064529,0.6683809103831527,0.6780161783405229,0.6887250025516605,0.6983686993353301,0.7090884985724296,0.7198111143422677,0.7294673698863003,0.7402003068139723,0.7509362328104934,0.7606050162054819,0.7713512118772877,0.7821002847079999,0.7917823900573563,0.8025401990194679,0.8122247683753051,0.8229909518983267,0.8337598761216837,0.8434545237331345,0.8542293216382842,0.8650080231729331,0.8747138921911164,0.8855011660671246,0.8962907960151572,0.906005163132491,0.9168026353238024,0.9276036984726065,0.9373278323661931,0.9481358562935505,0.957862098586358,0.9686715572667628,0.9794800572586183,0.9892062982593927,1.0
b1c41,0.0,0.008102703555574877,0.017113780655695562,0.025382189033059645,0.034561353935118,0.042979578493830925,0.05230977089686453,0.06085978649616018,0.07034345745369126,0.07902669826787688,0.08865295978532786,0.09746436890773783,0.10721155086039715,0.11612927977818507,0.12600146537806495,0.1350254980755824,0.1450080849338594,0.15413950381804026,0.16423460011234103,0.173457564195938,0.18364102618510267,0.1929333128447386,0.20319385826903202,0.21254619500282163,0.22286461012044687,0.23226856330218018,0.24263305944207725,0.25207803392820793,0.2624859966662517,0.27196299448270544,0.2824121575451166,0.2919224410802855,0.30239716013622997,0.31193292073131873,0.32243686591910803,0.3319999611695704,0.342532312934866,0.3521194161826502,0.36267970000806854,0.37228972687747874,0.38287072839558295,0.3925012283733618,0.4031040570501144,0.4127508575516202,0.4233743129917336,0.43303835361999077,0.44367624283134566,0.4533575349410732,0.464011966330222,0.47370648082746536,0.48437848932213257,0.49408530033941495,0.5038013529993859,0.5144935086120925,0.5242205267259724,0.5349403901430952,0.5446878120466135,0.5554183760962881,0.5651805631640257,0.5759228294423808,0.5856985473064624,0.5964575731505445,0.6062414774925499,0.6170148167844766,0.6268116317170678,0.6375952208408747,0.6474053293111184,0.6581995472763484,0.6680229690634326,0.6788316870968139,0.6886522079362505,0.6994617825183782,0.709291972725455,0.7201116509932367,0.729953016167108,0.7407814272213259,0.7506323190962828,0.7614720666473347,0.7713295503031423,0.7821802547004933,0.7920479719802352,0.8029078758063585,0.812785616098305,0.8236526035294524,0.8335378176075443,0.8444139717768607,0.8543045720210077,0.865188434213341,0.8750867442203407,0.8859803498607003,0.8958864285102669,0.9067863247567041,0.9166982604268963,0.9276041384127313,0.9375209588099218,0.948432790972489,0.9583535547538176,0.9692662584826636,0.9791852728130828,0.9900946940207697,1.0
b1c42,0.0,0.008470944577787045,0.017012888454474982,0.025621974944702558,0.03429454772534647,0.04303116610901884,0.05183007767968816,0.06069164510067761,0.06961761088225439,0.07860747429693554,0.08765998556060021,0.09677387381711423,0.10594881699897715,0.11518476124787672,0.1244811263024958,0.13383513998740945,0.1432423902368079,0.1527033499790097,0.16221770095536975,0.17178314435721093,0.18139384479876397,0.1910515600531196,0.20075611409087196,0.21050787861795064,0.22029886051827108,0.23012930339417134,0.2399966213342187,0.2499009823116789,0.25983340811439876,0.26979021675743364,0.27978003557240405,0.2898030175985741,0.29983945310504584,0.30989138270667993,0.3199602266407292,0.3300459305145456,0.34014611324543415,0.3502594861249632,0.36038445135197117,0.3705249520509165,0.3806759095651824,0.3908366733751396,0.4010067768274907,0.4111907187559646,0.4213830386593348,0.43158302600794735,0.44179175604991744,0.45201193375766263,0.462238944935717,0.4724703704128308,0.4827094188072006,0.4929599262391083,0.5032191236158357,0.5134787079065126,0.523736675625769,0.5340014163942821,0.5442723780650205,0.554548551291289,0.5648299878625608,0.5751180766409849,0.5854121773826209,0.5957095514107906,0.6060111679284967,0.616319413361793,0.6266334870289789,0.6369509090637339,0.6472710452505225,0.6575969728157288,0.6679285968119849,0.678263629048826,0.6886004326774712,0.6989432737530377,0.7092916312295796,0.719640888856493,0.7299918912954281,0.7403481446115305,0.7507090095199244,0.7610720742478564,0.7714369757209757,0.7818054817688477,0.7921766523714269,0.8025507034551947,0.8129283307528133,0.8233095094656191,0.8336930117172608,0.8440785910282073,0.8544664457877641,0.8648566735464738,0.8752487261305715,0.8856428646795711,0.8960389388943927,0.9064362305728674,0.9168344937835012,0.927236217709239,0.9376341016784377,0.9480328729191443,0.9584315056435606,0.9688290843562862,0.9792263050640011,0.9896208205252797,1.0
b1c43,0.0,0.007899440654239755,0.01719861161796198,0.02523590777331748,0.03469119322104165,0.04286034745055102,0.05246328956378704,0.060757674257162685,0.07050399665353058,0.07891653917058203,0.08879884994542107,0.0973272720227576,0.10734479363303147,0.11598138453370578,0.1261207496295448,0.13486608818154663,0.1451359315680837,0.15399648068993663,0.1643933141237782,0.17335348914011192,0.18385835993895722,0.1929031939138197,0.20349171519307677,0.21259624251820666,0.2232487722776078,0.2324159686117254,0.24313969331968427,0.2523446429791875,0.2631028249418193,0.27233962876935913,0.28313789561347813,0.2924054583961565,0.30323139393352067,0.31252342337592554,0.32337683595545474,0.3326944974630648,0.3435730215500835,0.3529067632688384,0.36380594409345285,0.3731610213761404,0.38408101377930853,0.3934482349745592,0.40438523574044793,0.4137698381685607,0.4247266447174051,0.43412225098750407,0.4450896110131995,0.45449937651277816,0.4654903257164279,0.4749113645021239,0.48590210461832006,0.4953268530297417,0.5047576721307001,0.5157652812676573,0.5252052623632473,0.5362239368910989,0.5456750377731074,0.5567078897119566,0.5661685183053545,0.5772096072168652,0.5866787675619576,0.5977333912721353,0.6072111200300152,0.6182734837016945,0.6277587771631675,0.6388323290255001,0.6483260587111854,0.6594074365246564,0.6689073768379529,0.6799988020263561,0.6895094947699962,0.7006076933188864,0.710122312823263,0.7212276924755286,0.730751718530853,0.7418650050569138,0.751392757578222,0.7625128010715979,0.7720473576533329,0.783174834257842,0.79271529074207,0.8038502466566507,0.8133981882630748,0.8245404193182252,0.8340936307332343,0.8452424704720102,0.854801366889934,0.8659559856688193,0.8755197261199504,0.8866805845870694,0.8962496671257696,0.9074164922602991,0.9169917404199027,0.9281644685865309,0.9377408037624467,0.9489154518675383,0.9584949035344221,0.9696722887030714,0.9792543170784882,0.9904319433757902,1.0
b1c44,0.0,0.008272678829662997,0.01660675936958738,0.024999542865670084,0.034865802372537696,0.043386932411387684,0.05196796625775286,0.06060551232384344,0.06929904338910868,0.07805027117958956,0.08686075142524335,0.0972165027715216,0.10615556004134605,0.11515165854683787,0.12420234529954137,0.13330773042719604,0.1424686377958275,0.15167642514122184,0.16248081805465187,0.1717920796068855,0.1811686386186522,0.19059418364798286,0.2000550020271356,0.20955640670919362,0.21909599639735763,0.23027474631417102,0.23989489114966817,0.24954243662230993,0.25921883809187546,0.2689216767760158,0.27865446617739426,0.2884101511889077,0.2981860471541775,0.3096176106438358,0.3194384736667203,0.32928234939047496,0.33913835524604186,0.34901126478851696,0.35889800852330506,0.3688018581216709,0.38037613820045046,0.3903061845870813,0.4002480351249174,0.4102031831111359,0.4201767624280556,0.430155570861092,0.4401384771576213,0.45178414043225784,0.461777531813829,0.4717811614531724,0.48179047576965317,0.4918077382052448,0.5018327726554814,0.5118691066739148,0.5235844503328753,0.5336319409126873,0.5436843664766888,0.5537437881340629,0.5638128796127195,0.5738835696140943,0.5839605715867056,0.5957207808246434,0.6058087635664093,0.6159010486901525,0.6259977425142604,0.6360960326753928,0.646198515933816,0.656310986095233,0.6681086740479617,0.6782244519445897,0.688342224911226,0.6984651010043477,0.7085928958450772,0.718722231287641,0.7288531649406811,0.7389868805134703,0.750813891420975,0.7609545746731184,0.7710978524998348,0.7812442722612811,0.7913936697181861,0.8015457530804375,0.8117007491918198,0.8235510471047573,0.8337113989463713,0.8438739413214609,0.8540392760764056,0.8642074256926263,0.8743783094555767,0.8845517578178713,0.8964244478507822,0.9066040267717342,0.9167911085547613,0.9269751505061794,0.9371616944524291,0.9473502684397864,0.9575408730927357,0.9694326688989829,0.9796268293633812,0.989820370651971,1.0
b1c45,0.0,0.008491881913480586,0.017053103581024465,0.025681830658602977,0.034373836857535374,0.04313319427299131,0.05196035751246197,0.06085535998907758,0.0698189210377415,0.07884638440186366,0.08794007074902097,0.09709779295208674,0.10632240315073781,0.11561652791800389,0.12496804837397477,0.1343813655738525,0.1438500389966885,0.15179966535085945,0.16139223053013257,0.17102639976357129,0.18070225904155535,0.19042548443359866,0.2001950245548114,0.21001390419805524,0.21986820336040008,0.22975997550044133,0.23968552980412947,0.24964594407305982,0.25964132349375196,0.26965483582159067,0.279693346037951,0.2897490791459692,0.29983089130623075,0.30993482481590695,0.32004870461555995,0.3301805538589862,0.34032828834815093,0.3504972645904787,0.36067865524360876,0.37086864493472116,0.3810712089777817,0.3912870793556921,0.40152337961334156,0.4117646465318789,0.4220104231823449,0.43225262493206407,0.442504597340692,0.45276945117545997,0.4630392033078833,0.4733178823656432,0.4836043682804148,0.4921836814689329,0.5024889536640406,0.5127958297534416,0.5231095202322237,0.5334283925479695,0.5437565126319511,0.5540910486133096,0.5644298700247494,0.5747723134067025,0.5851189860231996,0.5954740200874281,0.6058315880740948,0.6161952818546784,0.6265607481161688,0.6369316866382855,0.6473123183303071,0.6576921290231338,0.6680759532941242,0.6784612946845323,0.6888520844804807,0.6992486814688644,0.7096462617991081,0.7200461536711574,0.730448989805141,0.7408548845133496,0.7512637662305254,0.7616758824731966,0.7720909780399754,0.7825090747046313,0.7929303218416278,0.8033539621720661,0.8137799859297703,0.8242082976943969,0.832900501954582,0.8433333852502186,0.8537681870390994,0.8642052167969351,0.8746440970049846,0.8850852692224879,0.8955287691520231,0.9059758652757707,0.9164275425366033,0.9268746905331552,0.9373229960617234,0.9477726321917564,0.9582224079300771,0.968672249950314,0.9791217307821373,0.9895686243778077,1.0
