batch,cell_id,policy,cycle_life_raw,n_cycles,status,eol_cycle_calc,dq_var_log,dq_min_log,dq_mean_log,dq_skew,dq_kurt,qd_2,qd_100,qd_fade_pct_100,qd_slope_2_100,qd_slope_91_100,chargetime_2_6,c1,q1,c2,tavg_mean,tmax_mean,tmin_mean,ir_2,ir_min,ir_diff_100_2,cycle_gaps_100,qdlin_ok,vdlin_same,qd_jump_max,qdlin_offset,qdlin_start,early_data_ok,cycle_life,log_life
b1,b1c0,3.6C(80%)-3.6C,1190.0,1189,censored,,-5.014861,-2.0726488,-2.5416012,-0.53205657,-1.3483139,1.0706892,1.0759126,0.4878539916158874,1.7376781076069197e-05,3.5323636363618885e-05,13.374893999999992,3.6,80.0,3.6,31.603747328822767,35.376748303030304,29.345268878787877,0.016742354,0.016443744,-7.520000000000096e-05,0,True,True,0.003794799999999876,-0.015770577320861845,0.00039725768147036433,True,,
b1,b1c1,3.6C(80%)-3.6C,1179.0,1178,censored,,-5.01396,-1.9584564,-2.3872569,-0.42937386,-1.0291165,1.0753012,1.0806297,0.49553557645058605,5.535292516999699e-06,-4.12999999999923e-05,13.409150000000002,3.6,80.0,3.6,31.33031430692745,34.16065478787879,29.561504050505047,0.017038831,0.016764179,-4.199100000000164e-05,0,True,True,0.004574200000000195,-0.013905718919372534,0.00031567460973747075,True,,
b1,b1c2,3.6C(80%)-3.6C,1177.0,1176,censored,,-4.7369995,-1.7640576,-2.3480697,-1.0801939,0.34863496,1.0799223,1.0849404,0.46467231948076504,1.0295625231906745e-05,-4.419696969697502e-05,13.358242333333328,3.6,80.0,3.6,31.47958411321121,34.54464383838384,29.640758727272726,0.01686798,0.016613184,-1.3807000000001096e-05,0,True,True,0.004094800000000065,-0.015297751292419504,0.00019045706721954048,True,,
b1,b1c3,4C(80%)-4C,1226.0,1225,censored,,-4.4426136,-1.7221494,-2.1275065,-0.43905008,-1.0954152,1.0797229,1.0847498,0.46557315770556096,1.7136347557209165e-05,-3.68424242423645e-06,12.025139666666673,4.0,80.0,4.0,29.942198807956427,30.662263141414144,29.38564177777777,0.016369704,0.016098134,3.858100000000281e-05,0,True,True,0.003996600000000017,-0.01613439149169915,0.00036571870441548526,True,,
b1,b1c4,4C(80%)-4C,1227.0,1226,censored,,-4.6477437,-1.8551775,-2.2403314,-0.36254793,-1.3338305,1.0784167,1.0826457,0.39214897172864976,1.8994317872609844e-05,-2.9326666666653373e-05,12.041850666666674,4.0,80.0,4.0,31.44888383416564,34.38251588888889,29.487975303030296,0.016787428,0.016368635,-5.331399999999875e-05,0,True,True,0.0036754000000001064,-0.015483811448669504,0.0004104668623767793,True,,
b1,b1c5,4.4C(80%)-4.4C,1074.0,1073,used,1074.0,-4.178878,-1.5989661,-1.9556988,-0.14934987,-1.2275264,1.0761266,1.0797794,0.3394396161195171,1.1228400742114224e-05,-2.3223030303065522e-05,10.967849666666668,4.4,80.0,4.4,30.92149771366389,33.02000678787879,29.24238684848485,0.016437579,0.015922785,-0.0001118670000000016,0,True,True,0.005331100000000033,-0.016711358428955103,0.00046093034325167537,True,1074.0,3.0310042813635367
b1,b1c6,4.8C(80%)-4.8C,636.0,635,used,636.0,-3.768878,-1.421521,-1.7968296,-0.40793604,-1.2380697,1.0758358,1.0792426,0.31666542422180444,-4.808646876938924e-06,-6.22254545454556e-05,10.07647899999999,4.8,80.0,4.8,32.27384521945563,35.79263145454546,29.74772723232324,0.017001977,0.016541764,-0.0003333460000000017,0,True,True,0.003816599999999948,-0.015553733721923813,0.0004394161805976182,True,636.0,2.803457115648414
b1,b1c7,4.8C(80%)-4.8C,870.0,869,used,870.0,-3.813486,-1.4175577,-1.7786973,-0.3334166,-1.1205359,1.0938644,1.0957625,0.1735224219747908,-6.42818800247794e-06,-4.0566060606084656e-05,10.02508166666667,4.8,80.0,4.8,31.990084509217034,35.32269474747474,29.580063565656566,0.016311171,0.016083084,-3.842100000000029e-05,0,True,True,0.003628599999999871,-0.015254627334594817,0.00039439639658667147,True,870.0,2.9395192526186187
b1,b1c8,5.4C(40%)-3.6C,879.0,878,censored,,-4.0011945,-1.5113403,-1.8921468,-0.32911325,-1.2025764,1.0899748,1.0941359,0.3817611196148679,5.429254174400251e-06,-1.4775151515149594e-05,11.208483666666663,5.4,40.0,3.6,32.076506270161325,34.45206194949494,30.31709192929293,0.016807221,0.016538974,2.1805999999999215e-05,0,True,True,0.0013144999999998852,-0.015153651301574644,0.0004222849092911929,True,,
b1,b1c9,5.4C(40%)-3.6C,1054.0,1053,used,1054.0,-4.059384,-1.5417477,-1.938902,-0.42759123,-1.1821707,1.0829742,1.0876312,0.4300194778416615,1.8204385899806905e-05,-1.3036969696970692e-05,11.207955999999994,5.4,40.0,3.6,32.64153361126789,35.98493365656566,30.276260303030305,0.016978227,0.016611163,-3.366599999999817e-05,0,True,True,0.0007116000000000344,-0.015266024345397922,0.0002276659943163395,True,1054.0,3.022840610876528
b1,b1c10,5.4C(50%)-3C,906.0,905,censored,,-4.022573,-1.5687501,-1.9719167,-0.5100714,-1.287457,1.0752757,1.0816405,0.5919226111033719,2.529188002473426e-05,-1.4540000000021894e-05,11.718235333333343,5.4,50.0,3.0,33.208150668462316,36.87145022222223,30.29658949494949,0.016592897,0.016397769,8.308200000000168e-05,0,True,True,0.009142300000000159,-0.01658122502593984,0.0003504783380776644,True,,
b1,b1c11,5.4C(50%)-3C,788.0,787,used,788.0,-4.1468964,-1.6254079,-2.076849,-0.59484774,-1.2055553,1.0537786,1.0599719,0.5877230757960038,2.1809402597400947e-05,-1.1643030303047259e-05,11.668875999999987,5.4,50.0,3.0,32.75932260623101,36.23175358585859,30.14975682828283,0.016575078,0.015962802,-0.0003035779999999988,0,True,True,0.008566500000000143,-0.019457893536376947,0.00015247963892761618,True,788.0,2.8965262174895554
b1,b1c12,5.4C(50%)-3.6C,902.0,901,censored,,-4.1251907,-1.5616336,-1.9493127,-0.33105248,-1.1273535,1.077566,1.0819131,0.403418444902673,1.2573115646260144e-05,-1.6655151515169825e-05,10.686071666666665,5.4,50.0,3.6,33.4580219141428,37.448847525252525,30.39357482828283,0.016551878,0.016234221,-2.065599999999737e-05,0,True,True,0.0010828000000000504,-0.014717438095092739,0.00016739954298827797,True,,
b1,b1c13,5.4C(50%)-3.6C,897.0,896,censored,,-4.0480065,-1.535554,-1.881116,-0.13523728,-1.2549351,1.0797893,1.0836461,0.35718079443831147,4.458676561536227e-06,-2.8032121212153476e-05,10.719170666666663,5.4,50.0,3.6,32.09216634315908,34.67959250505051,30.020152525252527,0.017159661,0.016706679,-1.3330999999998372e-05,0,True,True,0.0012670999999999655,-0.014483213044738763,0.0005347214755602181,True,,
b1,b1c14,5.4C(60%)-3C,880.0,879,used,880.0,-4.0460696,-1.5483061,-1.9227697,-0.28245324,-1.3132873,1.0709661,1.0762016,0.4888576771944668,2.6234124922698223e-05,-1.9479999999989825e-05,10.764334,5.4,60.0,3.0,33.07746279993842,36.63094507070707,30.081030757575764,0.017121186,0.016649306,-6.811500000000054e-05,0,True,True,0.0047607999999998984,-0.01630615445098882,0.00022068151156418025,True,880.0,2.9444826721501687
b1,b1c15,5.4C(60%)-3C,719.0,718,used,719.0,-4.017949,-1.5384332,-1.9580908,-0.48199797,-1.2504568,1.0611236,1.0677497,0.6244418652077929,2.904936054421284e-05,-2.4367272727269634e-05,10.797705666666673,5.4,60.0,3.0,33.147720104395674,37.056188636363636,29.95430322222223,0.017168047,0.016542939,-0.0002532960000000001,0,True,True,0.005100199999999999,-0.01685497137756342,0.0003952324914280325,True,719.0,2.8567288903828825
b1,b1c16,5.4C(60%)-3.6C,862.0,861,used,862.0,-4.099414,-1.5589851,-1.9064449,-0.12294925,-1.2280984,1.0811664,1.0863206,0.4767258767938032,2.3160274582555584e-05,-3.059757575757343e-05,10.11310766666668,5.4,60.0,3.6,32.41716254671688,35.85141423232323,29.839730595959598,0.01683085,0.016328048,-1.4819000000002719e-05,0,True,True,0.004464299999999977,-0.0155108238098145,0.000445018638856709,True,862.0,2.9355072658247128
b1,b1c17,5.4C(60%)-3.6C,857.0,856,used,857.0,-3.9701595,-1.5076872,-1.8747429,-0.25598866,-1.2907016,1.072052,1.0769763,0.45933406215371114,1.7886231292523448e-05,-1.2675757575756338e-05,10.146880666666664,5.4,60.0,3.6,32.088753858534446,35.43276257575758,29.510072111111107,0.016778639,0.016238289,2.2162999999998656e-05,0,True,True,0.0014152000000000609,-0.015660119741821354,0.00040526167140342295,True,857.0,2.932980821923198
b1,b1c18,5.4C(70%)-3C,691.0,690,used,691.0,-3.6500804,-1.3552341,-1.6839796,-0.052079245,-1.3465283,1.0661705,1.0645274,-0.15411231130479577,-4.765498515770137e-05,-0.00010586606060607885,9.958173666666676,5.4,70.0,3.0,31.831057275618022,35.415118353535355,29.92691219191919,0.019886132,0.015845969,-0.003994543,0,True,True,0.0014095000000000635,-0.017677277651977574,0.00020148127805441618,True,691.0,2.8394780473741985
b1,b1c19,5.4C(70%)-3C,788.0,787,used,788.0,-3.619907,-1.3382562,-1.6966684,-0.27342397,-1.2754148,1.0851147,1.0870851,0.18158449056121131,-1.0355845392700724e-05,-3.325272727273107e-05,9.924738333333329,5.4,70.0,3.0,33.044085397077396,36.83902758585858,30.129123131313136,0.016449727,0.016205151,-6.60869999999994e-05,0,True,True,0.001395500000000105,-0.015501278256225604,0.00020605359168257564,True,788.0,2.8965262174895554
b1,b1c20,5.4C(80%)-5.4C,534.0,533,used,534.0,-3.3672373,-1.1966767,-1.4841794,0.24167241,-1.072721,1.07263,1.0612478,-1.06114876518463,-0.00013977618181817777,-0.0002331127272727084,9.021115000000016,5.4,80.0,5.4,32.15292201754506,34.92834715151515,29.96077201010101,0.015740737,0.015036267,-0.000580528000000002,0,True,True,0.007362599999999997,-0.0165780341522217,0.0001345461787423119,True,534.0,2.727541257028556
b1,b1c21,5.4C(80%)-5.4C,559.0,558,used,559.0,-3.350338,-1.1889601,-1.5134622,-0.090166666,-1.1430824,1.0824388,1.0767291,-0.5274847871306838,-8.178444155844591e-05,-0.0001590527272727351,8.964706333333336,5.4,80.0,5.4,33.13697371135653,36.94892544444444,30.249985080808077,0.015348774,0.014894895,-0.0002038070000000003,0,True,True,0.007470199999999982,-0.015452964329528918,0.00020327435049694031,True,559.0,2.747411807886423
b1,b1c22,6C(30%)-3.6C,891.0,890,censored,,-3.9521687,-1.492858,-1.8321993,-0.13520728,-1.2783511,1.0793039,1.0820541,0.25481238416723273,-6.75583426098541e-06,-3.374727272729114e-05,11.463394666666664,6.0,30.0,3.6,32.84391283877385,36.64192422222223,30.040688757575758,0.016732994,0.016250946,-5.07210000000001e-05,0,True,True,0.0013057000000000762,-0.015504823933410572,0.0003710403689183295,True,,
b1,b1c23,6C(30%)-3.6C,1014.0,1013,used,1014.0,-4.0407934,-1.5235528,-1.8748239,-0.1431749,-1.2306066,1.0792934,1.0816909,0.2221360753248218,-6.950910327772603e-06,-2.0429696969718135e-05,11.447006333333357,6.0,30.0,3.6,31.99077454717494,34.8727843939394,29.809444080808078,0.016937815,0.016472535,-9.143999999999125e-06,0,True,True,0.0012772999999999257,-0.014797353736877517,0.0003516976721584797,True,1014.0,3.0060379549973173
b1,b1c24,6C(40%)-3C,1017.0,1016,used,1017.0,-3.9386625,-1.4969981,-1.8578137,-0.3388631,-1.2741883,1.0745355,1.0776314,0.2881151902380079,2.024258503403737e-06,-7.403393939396665e-05,12.147216,6.0,40.0,3.0,33.378063951824195,36.866496545454545,30.499276616161612,0.016687831,0.016390581,-4.86200000000131e-06,0,True,True,0.0013752999999998572,-0.015568899635314937,0.00041819093166850507,True,1017.0,3.0073209529227447
b1,b1c25,6C(40%)-3C,854.0,853,used,854.0,-4.027889,-1.5310448,-1.9063616,-0.35793522,-1.2413938,1.0752345,1.0780438,0.2612732385354092,5.12931354361571e-07,-3.221030303032952e-05,12.130126666666674,6.0,40.0,3.0,33.848557073949294,37.990239878787875,30.579572131313135,0.016699277,0.016397864,-1.1263999999996943e-05,0,True,True,0.0012472999999999512,-0.014163776133728101,0.00043523829663172364,True,854.0,2.931457870689005
b1,b1c26,6C(40%)-3.6C,870.0,869,used,870.0,-3.7952201,-1.4161842,-1.748358,-0.11706792,-1.2766701,1.0876514,1.0893713,0.1581297095742356,-1.521046134818085e-05,-9.834424242425186e-05,10.764819666666668,6.0,40.0,3.6,33.15641406115227,36.41381293939394,30.38804886868687,0.016376387,0.016129743,1.2887999999999095e-05,0,True,True,0.0024927999999999617,-0.014860187139892567,0.0003732464392669499,True,870.0,2.9395192526186187
b1,b1c27,6C(40%)-3.6C,842.0,841,used,842.0,-3.8537033,-1.4457277,-1.809271,-0.28951854,-1.2368249,1.0790461,1.0810226,0.18317104338730733,-1.0758799010519626e-05,-1.3313333333359012e-05,10.796985333333323,6.0,40.0,3.6,33.89497000372245,37.51131004040404,30.730024525252528,0.016174601,0.015953196,3.187999999999802e-05,0,True,True,0.0012744000000000089,-0.01564379695587159,0.0003333917702548206,True,842.0,2.9253120914996495
b1,b1c28,6C(50%)-3C,860.0,859,used,860.0,-3.8447118,-1.4292995,-1.7773324,-0.14263363,-1.2384824,1.0777475,1.0796947,0.18067311684785312,-7.726680272115018e-06,-3.480545454546354e-05,11.129907333333346,6.0,50.0,3.0,33.773800525042,37.491157878787874,30.628645454545453,0.016742077,0.016467512,6.377100000000066e-05,0,True,True,0.0013176999999999772,-0.014626046737670872,0.00018432752403896302,True,860.0,2.934498451243568
b1,b1c29,6C(50%)-3C,917.0,916,used,917.0,-3.8382819,-1.4333458,-1.7798781,-0.13762999,-1.278518,1.0794537,1.0818107,0.21835119005103623,-5.212719851575346e-06,-3.726424242423985e-05,11.179535333333334,6.0,50.0,3.0,32.70415601771739,35.39940990909091,30.431080343434342,0.016626336,0.016308507,1.7818000000002776e-05,0,True,True,0.0012039999999999829,-0.014833910585021925,0.000315056269755587,True,917.0,2.962369335670021
b1,b1c30,6C(50%)-3.6C,709.0,708,used,709.0,-3.7446992,-1.3891758,-1.7515577,-0.2851915,-1.2269912,1.0798637,1.0814074,0.14295322641181815,-1.6368218923929572e-05,-3.745818181818704e-05,10.130179666666669,6.0,50.0,3.6,33.54008830692456,36.797617333333335,30.65161108080808,0.016072329,0.015838005,5.842799999999926e-05,0,True,True,0.0012997000000001258,-0.01567126199798574,0.00020019336079712957,True,709.0,2.8506462351830666
b1,b1c31,6C(50%)-3.6C,876.0,875,used,876.0,-3.7777326,-1.4036429,-1.7451236,-0.11073258,-1.2421229,1.0946392,1.0953494,0.06487982524286387,-2.62010822510796e-05,-4.0801212121225585e-05,10.11367266666668,6.0,50.0,3.6,30.375396745150564,30.709141161616163,30.009055646464653,0.016952254,0.016684072,1.0658000000000195e-05,0,True,True,0.0013121000000000382,-0.013615999011230562,0.0004715202667284757,True,876.0,2.9425041061680806
b1,b1c32,6C(60%)-3C,731.0,730,used,731.0,-3.6464634,-1.3413566,-1.6833949,-0.1556561,-1.2794471,1.0778366,1.0793804,0.1432313580741362,-1.2776272108848686e-05,-3.83545454545678e-05,10.096438,6.0,60.0,3.0,33.08050304573434,36.23561784848484,30.377384848484855,0.016239462,0.015933495,5.134400000000178e-05,0,True,True,0.0011247000000000895,-0.01579975299224845,0.0004243525618221611,True,731.0,2.8639173769578603
b1,b1c33,6C(60%)-3C,757.0,756,used,757.0,-3.6670575,-1.347737,-1.6645106,0.06483191,-1.2327429,1.0924908,1.0937657,0.11669663488242453,-2.1812165739027016e-05,-4.613878787879358e-05,10.146428666666663,6.0,60.0,3.0,33.67169761442224,37.731304424242424,30.36514987878788,0.016591828,0.016214989,-1.720699999999825e-05,0,True,True,0.0013400999999999552,-0.014449709364318775,0.00037989544216543436,True,757.0,2.8790958795000727
b1,b1c34,7C(30%)-3.6C,742.0,741,used,742.0,-3.8486161,-1.4292452,-1.7937043,-0.1509017,-1.1798995,1.0766174,1.0794187,0.2601945686554951,-3.129647495333547e-07,-3.0090909090922758e-05,11.06793699999998,7.0,30.0,3.6,32.66455167507311,36.08252629292929,29.988331222222225,0.0169825,0.016567618,-2.8376000000000096e-05,0,True,True,0.0012524000000000424,-0.017548398767089912,0.00047281887964345515,True,742.0,2.870403905279027
b1,b1c35,7C(30%)-3.6C,703.0,702,used,703.0,-3.772606,-1.407245,-1.7393719,-0.09448678,-1.2999237,1.0707464,1.0739936,0.30326508685904685,3.195320964752807e-06,-2.6306666666668015e-05,11.05119499999999,7.0,30.0,3.6,32.09733437854189,34.87752171717172,29.813014555555554,0.017059039,0.016647711,3.243499999999733e-05,0,True,True,0.0012991999999998338,-0.014006856396484357,0.00025611036107875407,True,703.0,2.846955325019824
b1,b1c36,7C(40%)-3C,704.0,703,used,704.0,-3.6695013,-1.3504567,-1.6769056,-0.024119744,-1.2877296,1.0778315,1.0802411,0.22355999059222256,-7.183043908475764e-06,-4.102181818180282e-05,11.524843333333349,7.0,40.0,3.0,32.04688205693082,33.970878757575754,30.278352737373737,0.016480684,0.016229769,8.785199999999938e-05,0,True,True,0.0012851999999998753,-0.01444479319000247,0.00018884436576627195,True,704.0,2.847572659142112
b1,b1c37,7C(40%)-3C,648.0,647,used,648.0,-3.673939,-1.3512034,-1.7113748,-0.23647587,-1.2637733,1.0748194,1.0768065,0.18487757105984684,-9.680958565245865e-06,-4.3787878787887924e-05,11.57439200000002,7.0,40.0,3.0,32.95969887229894,36.05156987878787,30.246154101010102,0.016607935,0.016318144,6.718000000000002e-05,0,True,True,0.0012495999999999619,-0.016072385275268664,0.0004554299812298268,True,648.0,2.8115750058705933
b1,b1c38,7C(40%)-3.6C,617.0,616,used,617.0,-3.4330482,-1.2486006,-1.5724458,-0.06381009,-1.3483478,1.0729513,1.0749754,0.18864789110186866,-9.43712430427038e-06,-7.16060606062806e-06,10.243066666666685,7.0,40.0,3.6,33.69474656343401,37.29856363636363,30.44186774747475,0.016260354,0.016066672,8.89640000000004e-05,0,True,True,0.0010570000000000856,-0.015812491712951626,0.00030346555286087096,True,617.0,2.7902851640332416
b1,b1c39,7C(40%)-3.6C,625.0,624,used,625.0,-3.5045338,-1.2745459,-1.6118981,-0.15250237,-1.2771895,1.0817773,1.0847629,0.2759902615815791,-3.294477427340171e-06,-2.5559393939409695e-05,10.258443000000007,7.0,40.0,3.6,33.50643317156701,37.403860242424244,30.3385617979798,0.016743599,0.016519627,9.157099999999863e-05,0,True,True,0.0014207000000001635,-0.015620583174133396,0.0003799639525823295,True,625.0,2.7958800173440754
b1,b1c40,8C(15%)-3.6C,966.0,965,used,966.0,-4.055213,-1.5361711,-1.8986377,-0.2485044,-1.2414943,1.0833029,1.0857353,0.22453553849066601,-8.20486332715938e-06,-4.214606060608749e-05,12.071222666666685,8.0,15.0,3.6,33.45968416375564,37.756139949494944,30.277771616161615,0.016756468,0.016480761,6.656899999999896e-05,0,True,True,0.0013018000000000196,-0.015870716012573283,0.0004576851206365973,True,966.0,2.9849771264154934
b1,b1c41,8C(15%)-3.6C,1051.0,1050,used,1051.0,-4.071514,-1.5450586,-1.9080317,-0.23135577,-1.2429491,1.0789614,1.0821686,0.29724881724219737,-1.3855287570256206e-07,-3.1887272727307936e-05,12.087368000000005,8.0,15.0,3.6,33.07332253245542,36.8232453030303,30.240961535353534,0.016856873,0.016552322,-9.889999999998511e-07,0,True,True,0.00132270000000001,-0.015181205194091829,0.0002299151528859511,True,1051.0,3.021602716028242
b1,b1c42,8C(25%)-3.6C,702.0,701,used,702.0,-3.665856,-1.349599,-1.6861495,-0.107694305,-1.3162416,1.0798725,1.0832821,0.31574097868034434,2.113598021033933e-06,-3.262545454547221e-05,11.171093666666682,8.0,25.0,3.6,33.58506724391689,37.673212,30.35210961616162,0.0167679,0.016511114,0.00010331400000000018,0,True,True,0.0014760000000000328,-0.014959972116088904,0.0005617759888991714,True,702.0,2.846337112129805
b1,b1c43,8C(25%)-3.6C,651.0,650,used,651.0,-3.6677792,-1.3506081,-1.717477,-0.23725323,-1.3026125,1.0682389,1.0688359,0.05588637522935728,-2.401481014224145e-05,-3.969454545455702e-05,11.170874333333334,8.0,25.0,3.6,33.339782658681436,36.82060524242424,30.253967161616156,0.016111452,0.015904058,0.00012785400000000016,0,True,True,0.0011502999999999375,-0.01794328442993165,0.00021246186224743724,True,651.0,2.813580988568192
b1,b1c44,8C(35%)-3.6C,616.0,615,used,616.0,-3.4207,-1.2306443,-1.5327014,0.13907991,-1.2892848,1.0847682,1.0847102,-0.005346764405530464,-3.3615460729745583e-05,-5.139272727271184e-05,10.271104333333334,8.0,35.0,3.6,32.55333216968653,35.79095866666667,29.951694818181814,0.017436398,0.017142953,0.00015277100000000293,0,True,True,0.001304599999999878,-0.014578933705139185,0.0005959551781415939,True,616.0,2.7895807121644256
b1,b1c45,8C(35%)-3.6C,599.0,598,used,599.0,-3.4252923,-1.2261877,-1.539612,0.11519715,-1.2803928,1.0839558,1.0858277,0.17269154332677009,-1.2920053184917479e-05,-3.896969696969784e-05,10.254465333333325,8.0,35.0,3.6,33.0005473910965,36.69642807070708,29.912547070707074,0.016685704,0.016382927,0.00015038399999999993,0,True,True,0.001303499999999902,-0.015365681452941926,0.0004169445892330259,True,599.0,2.7774268223893115
b2,b2c0,5.2C(58%)-4C,477.0,496,used,477.0,-3.4872649,-1.2591537,-1.5883634,-0.031432156,-1.242569,1.1020051,1.1052729,0.2965322029816316,1.3737568336431474e-05,-0.00013864606060607848,10.173733999999968,5.2,58.0,4.0,31.808470926230026,35.36620380400637,29.82405004869571,0.017402707,0.017083954,6.96420000000017e-05,0,True,True,0.01415080000000013,-0.036002516744995106,0.0002637309080455452,True,477.0,2.678518379040114
b2,b2c1,5.6C(26%)-4.5C,491.0,513,used,491.0,-3.2980514,-1.1797022,-1.4486109,0.31749693,-1.1591036,1.1057826,1.1015422,-0.3834750157942468,-3.290422139764397e-05,-0.00035796787878790534,10.192646000000046,5.6,26.0,4.5,33.60099815475848,36.451634705216804,30.605830093769406,0.01817438,0.017313389,-0.0006942100000000007,0,True,True,0.01244999999999985,-0.03803144413604742,0.00032451434526592493,True,491.0,2.6910814921229687
b2,b2c2,5.2C(50%)-4.25C,424.0,439,used,424.0,-3.4602485,-1.2780427,-1.6018275,-0.15525383,-1.4037548,1.0753863,1.0728362,-0.23713339104281772,-5.396060358691645e-06,-9.643696969698994e-05,10.175071333333326,5.2,50.0,4.25,33.17566129490617,37.429077970616994,30.778734234543165,0.016669566,0.016255558,-9.869800000000123e-05,0,True,True,0.11198607999999988,-0.04371941499328624,0.0001924379903357476,False,424.0,2.6273658565927325
b2,b2c3,4.65C(44%)-5C,499.0,517,used,499.0,-3.496243,-1.2528334,-1.6970227,-0.68652326,-0.813262,1.0959566,1.1003293,0.3989847773169126,7.592857884971752e-05,-0.00032400666666668583,10.173250333333367,4.65,44.0,5.0,33.93805810095692,38.772733971659186,30.824133785111215,0.016083341,0.015764765,-3.5558000000001505e-05,0,True,True,0.00762839999999998,-0.0362831092178344,0.0001499815989518538,True,499.0,2.6981005456233897
b2,b2c4,4.65C(69%)-6C,444.0,464,used,444.0,-3.2325068,-1.1530621,-1.458648,-0.010537042,-1.3023522,1.0899745,1.0813601,-0.7903304159868082,-6.742782807669012e-05,5.941272727274018e-05,10.222283666666627,4.65,69.0,6.0,33.04820861652687,37.435182660123296,30.410773535367827,0.017068394,0.01593901,-0.0009035920000000017,0,True,True,0.007846999999999937,-0.040569950769042906,0.00020916103676427156,True,444.0,2.6473829701146196
b2,b2c5,3.6C(30%)-6C,416.0,445,used,416.0,-3.0858817,-1.0647447,-1.3326833,0.3621746,-1.0375623,1.0989141,1.0760076,-2.0844668386728262,-0.00019484917996289103,-0.00025926484848486076,10.178295333333276,3.6,30.0,6.0,33.01307013030371,37.65087846482749,30.501689038072705,0.016014345,0.015142022,-0.0007167039999999986,0,True,True,0.11450389999999988,-0.038323281262206965,0.0001883811637526378,False,416.0,2.6190933306267428
b2,b2c6,3.6C(9%)-5C,393.0,409,used,393.0,-3.5300395,-1.3021387,-1.6814194,-0.4209133,-1.2152711,1.0885617,1.090597,0.18697148723861604,6.24381335807018e-05,-0.00018514727272728697,10.179130999999906,3.6,9.0,5.0,33.81904518975318,39.79713499833347,30.490418036329206,0.016595399,0.015897563,-0.0005260630000000002,0,True,True,0.00462779999999996,-0.03962759194641108,0.00015187915414571762,True,393.0,2.5943925503754266
b2,b2c7,4.8C(80%)-4.8C-newstructure,777.0,806,used,777.0,-4.23167,-1.6627805,-2.0543787,-0.3734544,-1.3266383,1.0904776,1.09727,0.6228830376708261,5.346993939393214e-05,7.01042424242337e-05,10.037040333333376,4.8,80.0,4.8,33.769687089746824,37.14950685044426,30.73928459335173,0.014809063,0.014716571,1.3403999999999847e-05,0,True,True,0.013716299999999793,-0.03746797329406748,0.0002596990088932216,True,777.0,2.890421018800914
b2,b2c8,5.2C(58%)-4C-newstructure,904.0,947,used,904.0,-4.1024227,-1.5553137,-1.9506495,-0.4454249,-0.95103073,1.0906329,1.0909338,0.02758948496786117,-4.8129210760671786e-05,5.03521212121166e-05,10.04007933333327,5.2,58.0,4.0,33.59868374090274,35.674109782051225,31.612445462419196,0.016484642,0.016342103,3.0228999999999673e-05,0,True,True,0.12183536999999989,-0.03953221205596913,0.00019884042558260262,False,904.0,2.9561684304753633
b2,b2c9,5.6C(26%)-4.5C-newstructure,791.0,819,used,791.0,-4.3444257,-1.7043412,-2.128021,-0.052189603,-0.76408195,1.0949715,1.0975486,0.2353577239225048,-3.178960420532104e-05,0.00023090060606056887,10.040580999999946,5.6,26.0,4.5,32.3508526526095,33.58605048865401,31.368434034253195,0.015408114,0.015197206,-5.300199999999991e-05,0,True,True,0.004258699999999838,-0.03930488472442617,0.00016614132618997246,True,791.0,2.8981764834976764
b2,b2c10,4.8C(80%)-4.8C,492.0,519,used,492.0,-3.4509,-1.2533466,-1.5298793,0.2632049,-1.2438034,1.1092782,1.1162933,0.6324022233556766,5.4494455906002766e-05,0.00018856727272725804,10.17126966666663,4.8,80.0,4.8,31.720791269063756,34.35574737651136,29.96382019730451,0.017335583,0.016884135,-0.00030304700000000073,0,True,True,0.11510614000000008,-0.04215690363464364,0.00017904826381709427,False,492.0,2.69196510276736
b2,b2c11,5.2C(50%)-4.25C,449.0,468,used,449.0,-3.485393,-1.2604371,-1.6195602,-0.2220791,-1.2401571,1.0959171,1.1086942,1.1658819814016839,0.00011636928385899045,9.152303030301393e-05,10.17367599999993,5.2,50.0,4.25,33.146477466034135,37.95576609273272,30.641124446022808,0.017361749,0.016784718,1.5793000000000057e-05,0,True,True,0.13904320000000003,-0.04380159039001463,0.0002000727254198864,False,449.0,2.6522463410033232
b2,b2c12,4.65C(44%)-5C,466.0,493,used,466.0,-3.1679683,-1.111645,-1.4045303,0.11788275,-1.2407736,1.1016457,1.1065857,0.448420031957638,3.124443661100505e-05,3.5369696969600068e-06,10.174669333333393,4.65,44.0,5.0,31.314676947956993,33.5953920153671,30.02090936329148,0.017251369,0.016159201,-0.0010207299999999975,0,True,True,0.010587799999999925,-0.04033740873107905,0.00027032048092223704,True,466.0,2.66838591669
b2,b2c13,4.65C(69%)-6C,460.0,483,used,460.0,-3.3444476,-1.1892669,-1.4676275,0.3347823,-1.0960046,1.0954365,1.0951428,-0.026811230043899518,-1.1445944341368896e-05,-5.628484848472985e-06,10.207829000000007,4.65,69.0,6.0,31.946988973926523,35.0716189725971,30.127146151093967,0.016970724,0.015610993,-0.0010935590000000009,0,True,True,0.006237800000000071,-0.04355254310302725,0.00010721984290285036,True,460.0,2.662757831681574
b2,b2c14,3.6C(30%)-6C,426.0,461,used,426.0,-3.11852,-1.0771997,-1.3510962,0.2888282,-1.0885545,1.0844886,1.0776343,-0.6320306179336593,-0.00010165705627706068,0.0001837830303029747,10.207831333333306,3.6,30.0,6.0,32.123877001585356,35.20046863818076,30.379307340556775,0.017186515,0.015952863,-0.000878801999999998,0,True,True,0.008760600000000007,-0.04374582776184077,0.00028505740920081735,True,426.0,2.629409599102719
b2,b2c15,3.6C(9%)-5C,396.0,414,used,396.0,-3.5162518,-1.2929865,-1.6173476,-0.07187733,-1.3932942,1.0697494,1.0770745,0.684749157139033,9.20414260977118e-05,-9.369636363639166e-05,10.174112999999924,3.6,9.0,5.0,32.862747677246595,36.07268366663823,31.23583872482013,0.017212247,0.016145013,-0.0009618189999999992,0,True,True,0.003978899999999896,-0.04697169668731682,0.0002324105444131419,True,396.0,2.597695185925512
b2,b2c16,4.8C(80%)-4.8C,472.0,499,used,472.0,-3.494881,-1.2736448,-1.5809592,0.07215864,-1.2968602,1.0945363,1.0940695,-0.04264819723200395,-1.5038863327153774e-05,-0.00027128424242425287,10.171980333333341,4.8,80.0,4.8,32.7673986704417,36.992036254667184,30.508386774321938,0.017776627,0.017414019,-0.0002792050000000011,0,True,True,0.01050949999999995,-0.030142912698364333,0.00041213445365428925,True,472.0,2.673941998634088
b2,b2c17,5.6C(26%)-4.5C,471.0,494,used,471.0,-3.500344,-1.2793251,-1.6135663,-0.17158394,-1.2841554,1.0917177,1.0944375,0.24913033836493986,3.904175881262204e-05,-0.00010712606060608754,10.176372333333273,5.6,26.0,4.5,32.988612809790894,34.74907966738554,30.8792201698428,0.017503092,0.016950201,-0.00042510400000000254,0,True,True,0.016886100000000015,-0.027515808181762802,0.00020216572738718241,True,471.0,2.673020907128896
b2,b2c18,5.2C(50%)-4.25C,449.0,467,used,449.0,-3.7073028,-1.40071,-1.7788235,-0.27357948,-1.446413,1.0756292,1.0858426,0.9495279600070395,0.00011339298701298683,-8.618181818182374e-05,10.175029666666669,5.2,50.0,4.25,32.88627829858526,36.40182568496011,30.67756130891839,0.01680507,0.016488669,-4.021899999999759e-05,0,True,True,0.003798799999999991,-0.030727287602233977,0.00039017130620777607,True,449.0,2.6522463410033232
b2,b2c19,6C(60%)-3C,392.0,411,used,392.0,-3.291958,-1.1827539,-1.464602,0.15621269,-1.2820387,1.0902406,1.0930592,0.25853008959672696,2.1983457019166268e-05,-0.0002699042424242793,10.175535333333391,6.0,60.0,3.0,32.770067410122046,36.54883267067881,30.490596857610676,0.016772689,0.016542695,6.25240000000013e-05,0,True,True,0.01644369999999995,-0.029942016931152393,0.0001713606616249308,True,392.0,2.593286067020457
b2,b2c20,5.2C(58%)-4C,489.0,506,used,489.0,-3.4413054,-1.2182153,-1.6119852,-0.43940312,-0.95867205,1.0977259,1.1038647,0.5592288566754233,2.8384829931970537e-05,0.00019507030303029418,10.172872000000012,5.2,58.0,4.0,33.61911118506716,36.88625705741767,31.426991509997187,0.016656091,0.016160993,0.00019093999999999708,0,True,True,0.009011000000000102,-0.03971282553100597,0.00029895847546868026,True,489.0,2.6893088591236203
b2,b2c21,6C(60%)-3C,408.0,426,used,408.0,-3.326679,-1.1906585,-1.4777051,0.19578938,-1.2511448,1.0985936,1.1000447,0.13208706112978696,3.546821447123146e-05,-0.00043725939393937934,10.174583999999935,6.0,60.0,3.0,33.60118814118363,38.660766342322724,30.630468294173323,0.017283741,0.017071372,0.00012853800000000096,0,True,True,0.11237377999999998,-0.03295067590332024,0.0003862945595756173,False,408.0,2.61066016308988
b2,b2c22,VarCharge-2C-100cycles,,920,missing,,-4.641169,-2.168822,-2.581895,1.4915346,2.2934709,1.0913191,1.0839342,-0.6766948365514648,-1.660446777984852e-05,-0.0007307839393939614,24.216832999999944,,,,34.50224371401082,38.12900722940261,31.258257988431538,0.021770682,0.021770682,0.0,0,True,True,0.10645107000000009,-0.03143489114227305,0.000591787975281477,False,,
b2,b2c23,VarCharge-4C-100cycles,,1152,missing,,-4.356254,-1.7163006,-1.9359106,0.9748164,-0.60792136,1.0904602,1.0753278,-1.3877076852507002,-0.00011953144254792561,-0.0007737757575757608,12.207750999999892,,,,34.147927604894626,35.52762158388801,31.650522070765682,0.021160889,0.021160889,0.0,0,True,True,0.15975021,-0.02266960281524666,0.00043572159484028816,False,,
b2,b2c24,4.8C(80%)-4.8C,514.0,536,used,514.0,-3.640885,-1.3397994,-1.6426088,0.14739196,-1.2469403,1.0923017,1.1019264,0.8811393408982191,4.325509709338842e-05,0.00021200424242421442,10.170490666666689,4.8,80.0,4.8,33.206377241160645,38.17140352057085,30.259152265989403,0.016653664,0.016424084,-0.00014084899999999845,0,True,True,0.011801799999999973,-0.039606784748840385,0.00021218202891759574,True,514.0,2.710963118995276
b2,b2c25,5.2C(58%)-4C,493.0,511,used,493.0,-3.534478,-1.2966355,-1.626886,-0.06298644,-1.3538646,1.098838,1.1063702,0.6854695596621149,3.860060482374841e-05,0.00023772303030303231,10.172881333333304,5.2,58.0,4.0,32.23848796399698,34.442510549892894,30.622953011549193,0.016827697,0.016576298,2.3801000000000377e-05,0,True,True,0.011566299999999918,-0.03791388122711181,0.00015499364235438406,True,493.0,2.69284691927723
b2,b2c26,5.6C(26%)-4.5C,450.0,476,used,450.0,-3.2220535,-1.1348437,-1.4197762,0.23025808,-1.1877112,1.1043522,1.1065354,0.19769055560356227,-1.2231956709952081e-05,0.00012981272727272879,10.192329666666629,5.6,26.0,4.5,33.75843376995604,36.91322322353181,30.612617674686465,0.018412031,0.017513856,-0.0008291710000000001,0,True,True,0.008816799999999958,-0.042630884146118264,0.00017666576604824513,True,450.0,2.6532125137753435
b2,b2c27,5.2C(50%)-4.25C,474.0,493,used,474.0,-3.4862037,-1.2636733,-1.6075857,-0.13920166,-1.3553181,1.0925682,1.1031471,0.9682599218977666,8.322792949907285e-05,7.094909090906442e-05,10.174448333333178,5.2,50.0,4.25,33.30411096115286,38.09066395642736,30.520247987388977,0.017678261,0.017410973,0.00012275900000000006,0,True,True,0.004038999999999904,-0.0413188730438232,0.00034843734465539455,True,474.0,2.6757783416740852
b2,b2c28,4.8C(80%)-4.8C,437.0,456,used,437.0,-3.4234111,-1.2480174,-1.5530075,0.045824725,-1.3911816,1.0904486,1.0995919,0.8384897738417085,5.7402129870125894e-05,0.00019808787878788507,10.17431633333336,4.8,80.0,4.8,32.143914131113334,35.334859521378185,30.27083144812065,0.016827082,0.016122971,-0.0006546150000000008,0,True,True,0.00957129999999995,-0.043917332400512654,0.00014002028910908848,True,437.0,2.640481436970422
b2,b2c29,5.2C(58%)-4C,452.0,470,used,452.0,-3.508248,-1.2787375,-1.596498,0.019297319,-1.3423378,1.1032062,1.1159806,1.1579340290147093,0.00012008288806431068,-4.4665454545449836e-05,10.173121999999905,5.2,58.0,4.0,31.797490897448796,34.43823202248059,30.217947896804667,0.016795976,0.016617509,0.00011061700000000035,0,True,True,0.004469799999999857,-0.04260674723205571,0.00020497344667091966,True,452.0,2.655138434811382
b2,b2c30,5.6C(26%)-4.5C,412.0,429,used,412.0,-3.1854095,-1.1219207,-1.4016923,0.2511505,-1.2012565,1.0946374,1.092545,-0.19115005571707985,-8.503881385281154e-05,-2.8684848484868303e-06,10.223914333333378,5.6,26.0,4.5,33.81182141567536,37.34308786098118,30.366116051248465,0.017830005,0.01667887,-0.001062254999999998,0,True,True,0.013076000000000088,-0.04631925335540776,0.00010199061944149435,True,412.0,2.6148972160331345
b2,b2c31,5.6C(26%)-4.5C,425.0,446,used,425.0,-3.3523588,-1.1922699,-1.5139316,0.059274018,-1.1694736,1.0990092,1.1006228,0.1468231567124272,3.9791858998146125e-05,-4.224848484858548e-06,10.177968666666759,5.6,26.0,4.5,33.3758501254003,35.656391701768925,31.051052359069953,0.016888967,0.015888851,-0.0006819260000000028,0,True,True,0.003805700000000023,-0.042745389747619544,0.0002158069983124733,True,425.0,2.6283889300503116
b2,b2c32,4.8C(80%)-4.8C-newstructure,809.0,834,used,809.0,-4.131466,-1.561281,-1.8732214,0.20779598,-0.9720795,1.0881557,1.0874337,-0.06635079887923111,-5.5682572665427346e-05,2.240424242420543e-05,10.041900666666674,4.8,80.0,4.8,32.16894887045923,33.94637920302099,30.537043643974386,0.014826416,0.014739397,-5.889600000000099e-05,0,True,True,0.012288100000000135,-0.03861625122070311,0.00018147304945159703,True,809.0,2.9079485216122722
b2,b2c33,5.2C(58%)-4C-newstructure,1140.0,1190,used,1140.0,-4.2316284,-1.6182579,-1.9363086,0.2859206,-0.97614884,1.0732747,1.0686773,-0.42835259230465167,-0.00012531416326531098,1.4609090909078553e-05,10.03920333333323,5.2,58.0,4.0,32.74157143407892,34.30263809635044,31.028129662553557,0.015095364,0.014933125,-8.753799999999985e-05,0,True,True,0.1468545,-0.017197372599792482,0.00024859997211024165,False,1140.0,3.0569048513364727
b2,b2c34,5.6C(26%)-4.5C-newstructure,1186.0,1252,used,1186.0,-4.448585,-1.7179903,-2.090441,-0.15226847,-0.8874035,1.0671737,1.0644548,-0.2547757689305741,-5.456295732837848e-05,2.1133939393911725e-05,10.040011000000039,5.6,26.0,4.5,35.66789148456313,38.96110461672359,31.820106759742274,0.015062638,0.014872484,-0.00011882799999999964,0,True,True,0.007659900000000164,-0.01640565226593016,7.032843859633431e-05,True,1186.0,3.074084689028244
b2,b2c35,VarCharge-6C-100cycles,,423,missing,424.0,-3.218909,-1.120856,-1.3485161,0.8605023,-0.5313771,1.0689886,1.0296415,-3.6807782608719926,-0.00042987245046381445,-0.00037281181818183627,8.05946366666661,,,,36.507257940976096,38.37857902090733,32.81023704619014,0.020666521,0.020666521,0.0,0,True,True,0.15489014000000012,-0.01920363041229245,0.0004366238135844469,False,,
b2,b2c36,VarCharge-8C-100cycles,,280,missing,281.0,-2.684918,-0.86637896,-1.0735096,0.94174916,-0.48835135,1.0722352,1.0034419,-6.41587778502327,-0.0007722462013605389,-0.0004766769696969687,6.486791666666589,,,,38.56623803155033,41.3959147615797,33.341076905861655,0.02033557,0.02033557,0.0,0,True,True,0.11113563000000004,-0.017911694491577146,0.00033173541305586696,False,,
b2,b2c37,3.6C(80%)-3.6C(SLOWCYCLE,,101,missing,,-4.770611,-1.5423943,-2.5254858,-4.1309557,19.413036,1.0834186,1.0848085,0.12828836425737625,3.5063616573864966e-06,1.4557575757511599e-06,13.504113333333274,3.6,80.0,3.6,32.93003403034187,38.01191656898937,30.251547244942092,0.017308667,0.016990282,0.009998608999999999,0,True,True,0.0873105099999999,-0.021267820214843747,0.00021237219334580004,False,,
b2,b2c38,4.8C(80%)-4.8C(SLOWCYCLE,,101,missing,,-4.21535,-1.4418973,-1.8811333,0.18618974,-0.2935922,1.0843664,1.0820881,-0.2101042599623112,-5.1999199752632486e-05,-3.814484848485344e-05,10.1692773333334,4.8,80.0,4.8,33.16550806710767,400.0,-270.0,0.016904857,0.016356453,0.009001521000000002,0,True,True,0.011930100000000055,-0.02284296300201416,0.00032144185388460755,True,,
b2,b2c39,3.6C(9%)-5C(SLOWCYCLE,,434,missing,435.0,-3.3625834,-1.2150133,-1.461514,0.48429117,-1.0702206,1.072063,1.0683501,-0.3463322584586931,-6.98490401978961e-05,-6.733151515154087e-05,10.175516333333363,3.6,9.0,5.0,32.886249589388996,37.62435433742629,30.17626444766422,0.017224574,0.016586451,0.008042265,0,True,True,0.009313399999999916,-0.02179733733673106,0.00036260997876524925,True,,
b2,b2c40,5.2C(58%)-4C(SLOWCYCLE,,459,missing,460.0,-3.5995674,-1.317285,-1.5938716,0.3597687,-1.0955768,1.0839667,1.085382,0.13056674157980308,-1.5610634508339307e-05,1.9407878787873402e-05,10.173128333333395,5.2,58.0,4.0,32.46931392128253,36.705870270590154,30.062486544911895,,,,0,True,True,0.008405400000000007,-0.022155282354736405,0.00024028746702242643,True,,
b2,b2c41,5.6C(26%)-4.5C,442.0,463,used,442.0,-3.172366,-1.0918849,-1.4228727,-0.043987323,-1.1480575,1.1049188,1.108752,0.3469214208319987,2.3998204081631683e-05,-1.5642424242562446e-06,10.177705666666686,5.6,26.0,4.5,30.193787010451164,32.72284623520075,28.921462730505556,,,,0,True,True,0.007218000000000169,-0.04292510914001468,0.0002831533784046769,True,442.0,2.645422269349092
b2,b2c42,5.2C(50%)-4.25C,474.0,497,used,474.0,-3.4825878,-1.2662601,-1.5325294,0.35173157,-1.1698092,1.1024443,1.1133598,0.990118049501465,8.583347433519058e-05,7.06951515151377e-05,10.174918666666732,5.2,50.0,4.25,31.709620029469267,35.574378964676875,29.68498985507317,,,,0,True,True,0.012632600000000105,-0.045925293898010144,0.00016809791850391775,True,474.0,2.6757783416740852
b2,b2c43,4.8C(80%)-4.8C-newstructure,1029.0,1061,used,1029.0,-4.271782,-1.7174944,-2.1091125,0.373641,-0.78388286,1.0974334,1.0966223,-0.0739088130541638,-7.295969944341106e-05,2.710787878786864e-05,10.0362016666667,4.8,80.0,4.8,33.92914533704784,36.97438163334141,30.85978941507649,,,,0,True,True,0.01342500000000002,-0.03897570818481455,0.00012064590555382892,True,1029.0,3.012415374762433
b2,b2c44,5.2C(58%)-4C-newstructure,841.0,874,used,841.0,-4.3645234,-1.6924561,-2.0579634,-0.23159936,-1.1068729,1.09659,1.0974951,0.082537685005334,-2.446207668521927e-05,0.00011412545454541582,10.040366333333369,5.2,58.0,4.0,33.95995836968299,36.8790253111546,30.99677660050288,,,,0,True,True,0.007298600000000155,-0.038604060234069815,0.00023153617803473026,True,841.0,2.924795995797912
b2,b2c45,5.6C(26%)-4.5C-newstructure,997.0,1027,used,997.0,-4.175215,-1.5739696,-1.9524266,-0.33011577,-0.9304724,1.1030351,1.0995457,-0.3163453275421686,-7.610656895484813e-05,2.7618181818071684e-06,10.040267666666622,5.6,26.0,4.5,35.271412144027664,37.86687606904902,32.537959132830416,,,,0,True,True,0.08191780000000004,-0.037652731106567305,4.8008980229496956e-05,False,997.0,2.998695158311656
b2,b2c46,4.8C(80%)-4.8C,503.0,523,used,503.0,-3.5088751,-1.2768531,-1.6414124,-0.13392314,-1.2034364,1.100943,1.0998453,-0.09970543434129563,1.9638269635131457e-05,-0.00020177454545458726,10.169781000000075,4.8,80.0,4.8,29.88150861827619,31.01220065415558,28.64374596409162,,,,0,True,True,0.00796730000000001,-0.0375784661697387,0.0015671940054744482,True,503.0,2.7015679850559273
b3,b3c0,5C(67%)-4C-newstructure,1009.0,1008,used,1009.0,-4.245115,-1.6324265,-1.995585,-0.1951214,-1.171884,1.0674551,1.0694544,0.1872959340397376,-5.346195423626031e-06,-4.185030303031202e-05,10.044530999999989,5.0,67.0,4.0,32.194853230782606,33.560153344027476,30.855734541604228,0.015398955,0.015180224,-0.00012841200000000136,0,True,True,0.0008297999999999917,-0.014979150964355537,0.000142580276587978,True,1009.0,3.0038911662369103
b3,b3c1,5.3C(54%)-4C-newstructure,1063.0,1062,used,1063.0,-4.285543,-1.651224,-2.016779,-0.28636956,-1.1239936,1.0650603,1.0664777,0.1330816668314473,-1.4719340754480143e-05,-6.469515151517784e-05,10.041138666666567,5.3,54.0,4.0,34.83231929224147,37.98835277556221,31.57773904653022,0.015162034,0.014931546,-0.00010282300000000015,0,True,True,0.001123499999999833,-0.01515616885375981,0.0003033301327377558,True,1063.0,3.0265332645232967
b3,b3c2,5.6C(19%)-4.6C-newstructure,1267.0,1266,used,1267.0,-4.7793803,-2.063081,-2.5828369,1.2545435,1.9709444,1.060818,1.0606135,-0.019277576360878193,-2.039117996289508e-05,-6.157393939395896e-05,10.044049666666687,5.6,19.0,4.6,36.79033178065713,40.5242590441136,32.361787809528934,0.01489381,0.014437579,-0.0004166900000000008,0,True,True,0.0005097999999998937,-0.014221277809143062,9.400306589668617e-05,True,1267.0,3.1027766148834415
b3,b3c3,5.6C(36%)-4.3C-newstructure,1115.0,1114,used,1115.0,-4.1166077,-1.571272,-1.9703965,-0.47954974,-1.0204008,1.0628892,1.0635946,0.0663662778773147,-1.2654854669141905e-05,-7.747878787880555e-05,10.042065333333351,5.6,36.0,4.3,36.08374244976545,39.4408972847914,32.17067620845048,0.015006617,0.014885032,5.60549999999993e-05,0,True,True,0.0007696999999999843,-0.013672313604736308,0.0001199722828459926,True,1115.0,3.0472748673841794
b3,b3c4,5.6C(19%)-4.6C-newstructure,1048.0,1047,used,1048.0,-4.178466,-1.6053678,-1.9954019,-0.43585956,-1.1081175,1.0724765,1.0738586,0.12886995659112835,-5.233104514546137e-06,-2.376060606062198e-05,10.045031333333366,5.6,19.0,4.6,32.11715379681872,32.98110366119803,31.173947334843884,0.015246842,0.015085269,-6.733400000000049e-05,0,True,True,0.0005678000000000072,-0.015940343209838836,0.00022367066412698478,True,1048.0,3.0203612826477078
b3,b3c5,5.6C(36%)-4.3C-newstructure,828.0,827,used,828.0,-4.114424,-1.5943958,-1.9413551,-0.16298161,-1.2847294,1.0514506,1.0518515,0.03812827725810774,-1.602090043289774e-05,-6.302727272732888e-05,10.041910000000012,5.6,36.0,4.3,35.56013985266867,39.69079276471186,32.25708891393413,0.015374157,0.015130546,-0.00016723399999999874,0,True,True,0.0006401999999998687,-0.01745126467437741,0.0003116088919341564,True,828.0,2.9180303367848803
b3,b3c6,3.7C(31%)-5.9C-newstructure,667.0,666,used,667.0,-3.5257082,-1.2740747,-1.5448875,0.48315892,-0.86707807,1.0626124,1.04378,-1.7722736907643817,-0.0002023977884972222,-0.00024328727272730075,10.06247166666663,3.7,31.0,5.9,34.1072055276095,36.98765147763979,31.41879966190876,0.013527169,0.013527169,0.00032014799999999927,0,True,True,0.00043229999999994106,-0.01525512756958003,0.00023331830743700266,True,667.0,2.824125833916549
b3,b3c7,4.8C(80%)-4.8C-newstructure,1836.0,1835,used,1836.0,-4.4887424,-1.7680457,-2.1525643,-0.3407828,-1.2007632,1.0675218,1.0684743,0.08922534415691874,-2.3574483611610727e-06,-6.748666666666012e-05,11.041577333333311,4.8,80.0,4.8,32.79694473003086,34.27477909930834,31.247996106583226,0.015535541,0.015372629,-3.5402999999999823e-05,0,True,True,0.002595799999999926,-0.015771049516296376,0.0003167145769111812,True,1836.0,3.2638726768652235
b3,b3c8,5C(67%)-4C-newstructure,828.0,827,used,828.0,-4.091804,-1.5710723,-1.9278837,-0.21507283,-1.2791528,1.0647362,1.067026,0.21505796459254495,-3.3089511440911376e-06,-3.773696969699921e-05,10.044950000000002,5.0,67.0,4.0,33.05552416009523,35.07929651965403,31.260917689703437,0.015438134,0.01520093,-0.00017268099999999918,0,True,True,0.0008820000000000494,-0.01647777570037845,0.0002485878940206021,True,828.0,2.9180303367848803
b3,b3c9,5.3C(54%)-4C-newstructure,1039.0,1038,used,1039.0,-3.9822972,-1.529071,-1.8392911,-0.055848476,-1.3472164,1.0694826,1.0724456,0.2770498556965816,6.68053184916058e-07,-8.253333333347526e-06,10.041749333333332,5.3,54.0,4.0,33.08832983925303,35.09617884754773,31.30390667786535,0.015903223,0.015742281,-2.9396000000000977e-05,0,True,True,0.0008558000000000732,-0.016080985052490337,0.00033664016518741846,True,1039.0,3.016615547557177
b3,b3c10,4.8C(80%)-4.8C-newstructure,1078.0,1077,used,1078.0,-4.411356,-1.719125,-2.0790849,-0.24495637,-1.1918749,1.0617746,1.0623909,0.0580443344566846,-2.8759653679635088e-06,-0.00011395212121215553,11.045003333333321,4.8,80.0,4.8,32.5348014795901,34.79216549532189,30.68763079160192,0.015551002,0.015318613,-0.00014386399999999876,0,True,True,0.0013464000000000809,-0.015684887861633356,0.00020842438971158117,True,1078.0,3.03261876085072
b3,b3c11,5.6C(19%)-4.6C-newstructure,817.0,816,used,817.0,-3.884921,-1.4674059,-1.8062998,-0.14019243,-1.265607,1.0680679,1.0682998,0.021712102760503484,-1.7682165739029632e-05,-3.90187878788211e-05,10.042218333333295,5.6,19.0,4.6,34.20373702283128,37.60932852326845,31.369808007256257,0.015608084,0.015485173,-4.955999999999884e-05,0,True,True,0.001466200000000084,-0.016826170832824783,0.0003324905701447278,True,817.0,2.9122220565324155
b3,b3c12,5.6C(36%)-4.3C-newstructure,932.0,931,used,932.0,-3.94679,-1.498463,-1.8148861,0.009007569,-1.2833713,1.0741653,1.0755343,0.12744779597702083,-6.6794632034672655e-06,-2.3809696969692323e-05,10.04249166666661,5.6,36.0,4.3,33.2205731520236,35.542101100869175,31.22756097269707,0.016139418,0.01599754,-4.0385999999999894e-05,0,True,True,0.0014007999999998688,-0.015403903993224999,0.0003038981230929494,True,932.0,2.9694159123539814
b3,b3c13,5.6C(19%)-4.6C-newstructure,816.0,815,used,816.0,-4.094466,-1.5583667,-1.9293903,-0.25826845,-1.1979399,1.065558,1.067306,0.16404550479655566,-1.2185193568341783e-05,-4.9785454545442306e-05,10.042319666666685,5.6,19.0,4.6,34.11768528185422,37.233278981795394,31.323500893525303,0.015250437,0.01506449,-0.00014514099999999967,0,True,True,0.0012121999999998856,-0.017698247953796375,0.00030669334228150547,True,816.0,2.9116901587538613
b3,b3c14,5.6C(36%)-4.3C-newstructure,858.0,857,used,858.0,-3.9996676,-1.5333935,-1.879309,-0.1920428,-1.3198366,1.0727056,1.0763919,0.3436450783887053,4.6361076066727265e-06,-1.6985454545497508e-05,10.041712000000018,5.6,36.0,4.3,33.11953606667905,35.48777029470216,31.071885501118356,0.015668793,0.015496999,-7.740999999999998e-05,0,True,True,0.0015548000000000783,-0.01594070219116217,0.0001966334239114076,True,858.0,2.9334872878487053
b3,b3c15,5.9C(15%)-4.6C-newstructure,876.0,875,used,876.0,-4.0006843,-1.5304087,-1.8748333,-0.15382363,-1.2842654,1.0684187,1.0693594,0.0880460066825773,-1.156462213976474e-05,-7.973333333334892e-05,10.041533666666655,5.9,15.0,4.6,33.51055049283859,36.80771071001127,30.87654298210456,0.015417448,0.01525728,-9.027200000000062e-05,0,True,True,0.0013860999999999457,-0.017386919967651293,0.0002012722979998216,True,876.0,2.9425041061680806
b3,b3c16,4.8C(80%)-4.8C-newstructure,1638.0,1637,used,1638.0,-4.694514,-1.8712133,-2.273819,-0.05327307,-0.8886311,1.061009,1.0625579,0.14598368157102945,-9.691301175018761e-06,-8.315333333334058e-05,11.04336633333335,4.8,80.0,4.8,34.94134876933804,37.832425406113444,31.981891168783747,0.015453937,0.015253145,-0.00012093599999999857,0,True,True,0.0012786000000000186,-0.014170721762085003,0.00018648516561370343,True,1638.0,3.2143138974244
b3,b3c17,5.3C(54%)-4C-newstructure,1315.0,1314,used,1315.0,-4.439713,-1.7475741,-2.1404884,0.0166973,-0.81524014,1.0664514,1.0664585,0.0006657593585536677,-5.833125541120238e-06,-1.9984242424260744e-05,10.041974333333346,5.3,54.0,4.0,35.07228784758459,37.40160198756502,32.455675181202416,0.015524552,0.01535425,-0.00016227499999999992,0,True,True,0.01096790000000003,-0.014074555598449612,0.00028851424576714635,True,1315.0,3.1189257528257768
b3,b3c18,5.6C(19%)-4.6C-newstructure,1146.0,1145,used,1146.0,-4.254052,-1.6297508,-1.9853847,-0.22896157,-1.057124,1.0680237,1.0670015,-0.09570948659659642,-2.927494124922568e-05,-7.005818181821136e-05,10.043129666666696,5.6,19.0,4.6,35.2914180269327,37.97024186611959,32.39435838372084,0.015098186,0.014978203,-3.7439999999999696e-05,0,True,True,0.0011900999999998607,-0.015106037976074127,0.0003211932780686766,True,1146.0,3.059184617631371
b3,b3c19,5.6C(36%)-4.3C-newstructure,1155.0,1154,used,1155.0,-4.1719418,-1.5969886,-1.9375881,-0.12087869,-1.111882,1.0719248,1.0708553,-0.09977379010167828,-2.9691358070504438e-05,-7.901090909089523e-05,10.043436999999928,5.6,36.0,4.3,35.09835953689969,37.876070766588285,32.12087731134603,0.015555796,0.015178323,-4.249000000000093e-05,0,True,True,0.0007390000000000452,-0.01546903286437984,0.0001674902014201507,True,1155.0,3.062581984228163
b3,b3c20,5C(67%)-4C-newstructure,813.0,812,used,813.0,-4.0663447,-1.5517267,-1.9237462,-0.33952993,-1.1827998,1.0650502,1.0664401,0.1305008909439146,-7.154074211500192e-06,-4.0721212121225944e-05,10.04332966666664,5.0,67.0,4.0,33.10212248197412,35.739254750947524,30.852143628467964,0.015409848,0.015206913,-7.635700000000085e-05,0,True,True,0.0007018000000000857,-0.016715068003845257,0.00014253132394514978,True,813.0,2.910090545594068
b3,b3c21,3.7C(31%)-5.9C-newstructure,772.0,771,used,772.0,-3.7043266,-1.3637515,-1.6282175,0.50613976,-0.8460882,1.0678563,1.0538316,-1.3133508694006863,-0.0001594917019171322,-0.00019249454545455243,10.067868000000017,3.7,31.0,5.9,34.900399416468076,37.9177756860133,32.05768382629157,0.013943589,0.01394002,0.00023393700000000003,0,True,True,0.0013176999999999772,-0.014955023052978467,0.00021635608572978526,True,772.0,2.887617300335736
b3,b3c22,5.9C(60%)-3.1C-newstructure,1002.0,1001,used,1002.0,-4.0468225,-1.5465385,-1.8625652,0.052921694,-1.2689736,1.0562643,1.0569046,0.060619297651158616,-1.5988764378483083e-05,-5.2859393939410386e-05,10.043384333333282,5.9,60.0,3.1,34.61069656408486,37.5322343873043,31.640105505547105,0.015852775,0.015614755,-0.00012298300000000012,0,True,True,0.0006608999999999643,-0.015470134611511144,0.00023800278722774237,True,1002.0,3.0008677215312267
b3,b3c23,4.8C(80%)-4.8C-newstructure,,2189,missing,,-4.54379,-1.8066441,-2.1669383,0.1013613,-1.0378802,1.0661554,1.0669227,0.07196887057927158,-5.331878787886973e-06,-0.0001278521212121303,11.037604666666738,4.8,80.0,4.8,34.929390162261846,38.202055623468546,31.788498415999587,0.015350789,0.015194215,-7.400299999999957e-05,0,True,True,0.0014435999999999893,-0.015820672238159084,0.00032306541106663644,True,,
b3,b3c24,5C(67%)-4C-newstructure,825.0,824,used,825.0,-4.155255,-1.6060318,-1.9852493,-0.3357488,-1.2618532,1.0462732,1.050084,0.3642260931466193,9.6505887445875e-06,-5.473030303031086e-05,10.042240333333272,5.0,67.0,4.0,34.68760501613314,37.236331842653044,32.089467104218414,0.015751192,0.01550305,-0.0001505590000000015,0,True,True,0.0010985999999999496,-0.015969743968200723,0.0002663073828443885,True,825.0,2.916453948549925
b3,b3c25,5.3C(54%)-4C-newstructure,989.0,988,used,989.0,-4.1465607,-1.5755068,-1.961546,-0.36635184,-1.073334,1.0611302,1.0643663,0.3049672886512961,6.950843537418871e-06,-5.590848484850476e-05,10.041598333333386,5.3,54.0,4.0,35.58186389191699,38.88624032121534,32.23615396340196,0.015752004,0.015591009,-4.924599999999932e-05,0,True,True,0.0012159999999998838,-0.014605737222290083,0.000357743731001392,True,989.0,2.9951962915971793
b3,b3c26,5.6C(19%)-4.6C-newstructure,1028.0,1027,used,1028.0,-4.219507,-1.6165599,-1.9939796,-0.34215605,-1.0604826,1.0720186,1.074435,0.2254065367895655,-4.2884230055903015e-07,-4.3655151515148716e-05,10.041816666666708,5.6,19.0,4.6,35.745916536891265,39.14135891629517,32.32542000468721,0.015693368,0.015538619,-4.2369000000000434e-05,0,True,True,0.0011991999999998448,-0.014454823413085904,0.00016579078510403633,True,1028.0,3.011993114659257
b3,b3c27,5.6C(36%)-4.3C-newstructure,850.0,849,used,850.0,-4.130132,-1.5751134,-1.9702141,-0.36115482,-1.1141474,1.0604171,1.0627574,0.22069617700430913,-4.0353704390864875e-06,-4.6492727272754757e-05,10.045022333333327,5.6,36.0,4.3,35.30844806776433,38.44588898200405,32.16991985770075,0.015073455,0.014868693,-9.954799999999965e-05,0,True,True,0.0009137999999999646,-0.01565119837341311,0.00019176585192326456,True,850.0,2.929418925714293
b3,b3c28,3.7C(31%)-5.9C-newstructure,541.0,540,used,541.0,-3.4516578,-1.2378385,-1.5191867,0.2996424,-0.98030114,1.0518668,1.0340093,-1.6976959440111696,-0.00019802208534322756,-0.000267253333333343,10.05914166666674,3.7,31.0,5.9,35.69688828820833,39.55791836716047,32.29372696775114,0.013169404,0.013169404,0.00043592300000000125,0,True,True,0.0004123000000000321,-0.017295151116943464,7.796832505846396e-05,True,541.0,2.7331972651065692
b3,b3c29,5.9C(15%)-4.6C-newstructure,858.0,857,used,858.0,-4.063576,-1.5387794,-1.9468995,-0.34844944,-1.1797569,1.0663688,1.0696349,0.30628240436142257,4.077620284472189e-06,-5.961212121213204e-05,10.041687666666647,5.9,15.0,4.6,31.262889334066085,31.680285422399457,30.83403920515218,0.014962286,0.014745088,-0.00016551100000000013,0,True,True,0.0009462000000000081,-0.01744161552276613,0.0003046741767320782,True,858.0,2.9334872878487053
b3,b3c30,5.3C(54%)-4C-newstructure,935.0,934,used,935.0,-4.100226,-1.5728838,-1.9532095,-0.38731146,-1.1369089,1.0687393,1.0710108,0.21254013958315016,-3.416536796534243e-06,-3.100909090907998e-05,10.043678666666674,5.3,54.0,4.0,32.24311941023021,33.95640656351435,30.734525348486088,0.015732529,0.015509814,-0.00011412599999999912,0,True,True,0.000893099999999869,-0.014931091665649321,0.00014671336975879967,True,935.0,2.9708116108725178
b3,b3c31,5.9C(60%)-3.1C-newstructure,731.0,730,used,731.0,-3.8396032,-1.4483137,-1.7864678,-0.12085319,-1.2916363,1.0681812,1.0698149,0.15294221617081075,-8.999562152133179e-06,-3.540727272728333e-05,10.046477666666663,5.9,60.0,3.1,34.00003070157337,36.77304266866142,31.313092535645406,0.015983483,0.015812302,-2.983200000000047e-05,0,True,True,0.0012282000000001236,-0.016340461376953108,0.0003068624355364591,True,731.0,2.8639173769578603
b3,b3c32,4.8C(80%)-4.8C-newstructure,,2237,missing,,-4.6733527,-1.9947592,-2.4871955,1.0891737,1.7929139,1.0725862,1.0733908,0.07501494984740203,-1.0736820037102396e-05,-3.833818181819191e-05,11.037869333333315,4.8,80.0,4.8,35.436174962805026,38.1223484949636,32.229792601449525,0.015545605,0.015263474,-0.00017144699999999992,0,True,True,0.0012902000000001301,-0.013960005569457978,0.00025771011132746935,True,,
b3,b3c33,5C(67%)-4C-newstructure,1284.0,1283,used,1284.0,-4.3958983,-1.7014548,-2.1052034,-0.42003492,-1.0089253,1.060272,1.0609198,0.061097529690481794,-1.2591045145338765e-05,-5.687757575757686e-05,10.043301333333366,5.0,67.0,4.0,33.10710984192206,34.284327507895505,31.679991708191025,0.015511206,0.015279103,-0.00015399299999999984,0,True,True,0.0005346999999999991,-0.014903794071960519,0.00015629793051630259,True,1284.0,3.1085650237328344
b3,b3c34,5.3C(54%)-4C-newstructure,1158.0,1157,used,1158.0,-4.30566,-1.6673619,-2.0199053,-0.18408026,-1.155814,1.061535,1.0615493,0.0013471058420243941,-2.115797278911987e-05,-7.76575757575774e-05,10.044184666666649,5.3,54.0,4.0,35.77943527518051,38.98815031750086,32.239079738028686,0.015438841,0.015220164,-0.00010690799999999931,0,True,True,0.0005489999999999107,-0.015765331544494554,0.0001477685000281781,True,1158.0,3.0637085593914173
b3,b3c35,5.6C(19%)-4.6C-newstructure,1093.0,1092,used,1093.0,-4.2348585,-1.6377424,-2.0076044,-0.29633608,-1.1528183,1.0633804,1.0632331,-0.013852051438983864,-1.953093877550817e-05,-4.9812727272764123e-05,10.043148666666676,5.6,19.0,4.6,35.532941501822236,38.53730929443863,32.24024694280969,0.01549053,0.015308049,-7.601500000000046e-05,0,True,True,0.0005397000000000318,-0.01547038607482909,0.00023111845075618476,True,1093.0,3.038620161949703
b3,b3c36,5.6C(36%)-4.3C-newstructure,923.0,922,used,923.0,-4.253458,-1.6386155,-2.0039983,-0.25112146,-1.0968264,1.0575287,1.0577667,0.022505299383360516,-2.197191960420188e-05,-5.9386060606053545e-05,10.043801000000046,5.6,36.0,4.3,35.87907157748097,39.38680749559564,32.17568860041181,0.015267849,0.015083324,-8.82880000000006e-05,0,True,True,0.0006000999999999923,-0.015784364276123064,0.00020096288062632084,True,923.0,2.965201701025912
b3,b3c37,4.8C(80%)-4.8C-newstructure,1390.0,1389,used,1390.0,-5.0988555,-2.0736659,-2.9678664,1.1322709,3.4189878,1.0465839,1.0483961,0.17315381977498812,-2.0516487322216555e-06,-6.313090909092821e-05,11.038556666666702,4.8,80.0,4.8,35.01461049108638,37.82132622347397,31.973894538119445,0.014924189,0.01243343,-0.00013295699999999952,0,True,True,0.00993350000000004,-0.01670360510864266,0.0001034516462823376,True,1390.0,3.143014800254095
b3,b3c38,5C(67%)-4C-newstructure,1935.0,1934,used,1935.0,-4.342053,-1.6957891,-2.060826,-0.054164317,-1.176887,1.0701473,1.0710695,0.08617505272404875,-8.787589363021427e-06,-6.188181818183164e-05,10.044471,5.0,67.0,4.0,34.745836319764145,37.739090670595026,31.511033631406466,0.015988033,0.015742945,-0.00011589700000000022,0,True,True,0.000705900000000037,-0.015333156713867258,0.00033449108013883233,True,1935.0,3.28668096935493
b3,b3c39,5.3C(54%)-4C-newstructure,1156.0,1155,used,1156.0,-4.454635,-1.7580079,-2.1918943,-0.2925383,-1.0030135,1.0474036,1.0495038,0.20051487315874295,-6.583238095233322e-06,-2.41103030303177e-05,10.043833000000012,5.3,54.0,4.0,33.887021839840784,36.074946023996944,31.395684343874585,0.015740704,0.015480768,-0.00015527400000000038,0,True,True,0.0006003999999999454,-0.014802471072387746,0.0003254010807722807,True,1156.0,3.0629578340845103
b3,b3c40,5.6C(19%)-4.6C-newstructure,796.0,795,used,796.0,-4.2951083,-1.656517,-2.0419686,-0.31543028,-1.1385137,1.0593235,1.0617574,0.22975984201237756,-7.692147186143209e-06,-4.8289696969703086e-05,10.043562999999995,5.6,19.0,4.6,34.05341123035083,37.527810173662246,30.94064865564031,0.015561919,0.015254971,-0.00023430500000000062,0,True,True,0.0009666000000001507,-0.01714315024108881,0.00018098657892551273,True,796.0,2.900913067737669
b3,b3c41,5.6C(36%)-4.3C-newstructure,786.0,785,used,786.0,-4.219509,-1.6163105,-2.0110822,-0.3571332,-1.0631312,1.0505219,1.0541531,0.345656763557243,9.732244897959292e-06,-5.06472727272885e-05,10.042974333333357,5.6,36.0,4.3,33.640262798950594,36.62919119540175,30.825456412280786,0.01854171,0.017006677,-0.00017313199999999945,0,True,True,0.0009117000000000708,-0.01309407007904051,0.0004990485613234341,True,786.0,2.895422546039408
b3,b3c42,4.8C(80%)-4.8C-newstructure,1642.0,1641,used,1642.0,-4.346195,-2.251052,-3.1053953,1.9865725,2.9202476,1.0669198,1.0689646,0.1916545179871962,1.8104885590570822e-06,-2.3201212121231736e-05,11.038937333333307,4.8,80.0,4.8,33.03326599301577,35.57262282220451,30.694617546719012,0.016376682,0.015753616,-0.0005620929999999996,0,True,True,0.0007657999999999276,-0.016240997573852445,0.0003744203131645918,True,1642.0,3.215373152783422
b3,b3c43,5C(67%)-4C-newstructure,1046.0,1045,used,1046.0,-4.316748,-1.8868475,-2.4859762,0.9693084,0.84681416,1.0701852,1.0724185,0.2086835063687932,3.041014223876659e-06,-4.398121212123815e-05,10.043887666666608,5.0,67.0,4.0,33.89526904792961,36.95614928561784,30.878729493006865,0.015843671,0.015550403,-0.00014502799999999844,0,True,True,0.0006264999999998633,-0.016487619595336955,0.0003168639959767461,True,1046.0,3.0195316845312554
b3,b3c44,5.3C(54%)-4C-newstructure,940.0,939,used,940.0,-4.1314955,-1.5852753,-1.9495792,-0.24461655,-1.2383958,1.06972,1.0729284,0.2999289533709652,4.689736549163306e-06,-1.7926666666705958e-05,10.043435666666628,5.3,54.0,4.0,33.35164903826186,36.336163666791506,30.638344666380572,0.015722955,0.01551657,-0.00010574500000000084,0,True,True,0.0006123000000000101,-0.015385505123901355,0.0003746407455764711,True,940.0,2.9731278535996988
b3,b3c45,4.8C(80%)-4.8C-newstructure,1801.0,1800,used,1801.0,-4.5208507,-1.7830955,-2.1468039,-0.32814357,-1.1771281,1.0695485,1.0711251,0.14740799505585095,-1.2584539269261775e-07,-7.187878787901366e-06,11.037649999999994,4.8,80.0,4.8,32.72596355233115,34.6817726725469,30.852621310491138,0.015742011,0.015557319,-7.953999999999947e-05,0,True,True,0.0013038000000000771,-0.01546288961486808,0.00022974825697019696,True,1801.0,3.2555137128195333
