R,선택 모델,여유 배율 (학습 28셀),"여유 배율 (최종, B1 36셀)",학습 CV 늦은 교체,학습 CV 평균 일찍(%),검증 늦은 교체,검증 평균 일찍(%),B2 늦은 교체,B2 평균 일찍(%),B3 늦은 교체,B3 평균 일찍(%)
0.1,선형회귀 (ΔQ 분산 + qd_slope_2_100 + ir_min + tavg_mean),1.055,1.102,15/28,1.8715,8/8,0.0,39/39,0.0,31/44,3.4957
0.2,선형회귀 (ΔQ 분산 + dq_skew + qd_slope_2_100),0.924,0.959,5/28,7.5764,4/8,2.172,37/39,0.1222,25/44,4.7964
0.3,선형회귀 (ΔQ 분산 + dq_skew + qd_slope_2_100),0.924,0.885,5/28,7.5764,4/8,2.172,32/39,0.902,15/44,8.7749
0.4,선형회귀 (ΔQ 분산),0.888,0.898,2/28,11.2865,2/8,6.6031,33/39,1.2281,12/44,11.1918
0.5,선형회귀 (ΔQ 분산),0.888,0.898,2/28,11.2865,2/8,6.6031,33/39,1.2281,12/44,11.1918
0.6,선형회귀 (ΔQ 분산),0.888,0.898,2/28,11.2865,2/8,6.6031,33/39,1.2281,12/44,11.1918
0.7,선형회귀 (ΔQ 분산),0.888,0.898,2/28,11.2865,2/8,6.6031,33/39,1.2281,12/44,11.1918
0.8,선형회귀 (ΔQ 분산),0.888,0.898,2/28,11.2865,2/8,6.6031,33/39,1.2281,12/44,11.1918
0.9,선형회귀 (ΔQ 분산),0.888,0.898,2/28,11.2865,2/8,6.6031,33/39,1.2281,12/44,11.1918
1.0,선형회귀 (ΔQ 분산),0.888,0.898,2/28,11.2865,2/8,6.6031,33/39,1.2281,12/44,11.1918
1.1,"ElasticNet (alpha=0.03, l1=0.9)",0.797,0.821,0/28,19.257,0/8,15.7427,31/39,3.7949,1/44,25.0814
1.2,"ElasticNet (alpha=0.03, l1=0.9)",0.797,0.786,0/28,19.257,0/8,15.7427,30/39,4.5911,0/44,28.2264
1.3,"ElasticNet (alpha=0.03, l1=0.9)",0.797,0.786,0/28,19.257,0/8,15.7427,30/39,4.5911,0/44,28.2264
1.4,"ElasticNet (alpha=0.03, l1=0.9)",0.797,0.786,0/28,19.257,0/8,15.7427,30/39,4.5911,0/44,28.2264
1.5,"ElasticNet (alpha=0.03, l1=0.9)",0.797,0.786,0/28,19.257,0/8,15.7427,30/39,4.5911,0/44,28.2264
1.6,"ElasticNet (alpha=0.03, l1=0.9)",0.797,0.786,0/28,19.257,0/8,15.7427,30/39,4.5911,0/44,28.2264
1.7,"ElasticNet (alpha=0.03, l1=0.9)",0.797,0.786,0/28,19.257,0/8,15.7427,30/39,4.5911,0/44,28.2264
1.8,"ElasticNet (alpha=0.03, l1=0.9)",0.797,0.786,0/28,19.257,0/8,15.7427,30/39,4.5911,0/44,28.2264
1.9,"ElasticNet (alpha=0.03, l1=0.9)",0.797,0.786,0/28,19.257,0/8,15.7427,30/39,4.5911,0/44,28.2264
2.0,"ElasticNet (alpha=0.03, l1=0.9)",0.797,0.786,0/28,19.257,0/8,15.7427,30/39,4.5911,0/44,28.2264
2.1,"ElasticNet (alpha=0.03, l1=0.9)",0.797,0.786,0/28,19.257,0/8,15.7427,30/39,4.5911,0/44,28.2264
2.2,"ElasticNet (alpha=0.03, l1=0.9)",0.797,0.786,0/28,19.257,0/8,15.7427,30/39,4.5911,0/44,28.2264
2.3,"ElasticNet (alpha=0.03, l1=0.9)",0.797,0.786,0/28,19.257,0/8,15.7427,30/39,4.5911,0/44,28.2264
2.4,"ElasticNet (alpha=0.03, l1=0.9)",0.797,0.786,0/28,19.257,0/8,15.7427,30/39,4.5911,0/44,28.2264
2.5,"ElasticNet (alpha=0.03, l1=0.9)",0.797,0.786,0/28,19.257,0/8,15.7427,30/39,4.5911,0/44,28.2264
2.6,"ElasticNet (alpha=0.03, l1=0.9)",0.797,0.786,0/28,19.257,0/8,15.7427,30/39,4.5911,0/44,28.2264
2.7,"ElasticNet (alpha=0.03, l1=0.9)",0.797,0.786,0/28,19.257,0/8,15.7427,30/39,4.5911,0/44,28.2264
2.8,"ElasticNet (alpha=0.03, l1=0.9)",0.797,0.786,0/28,19.257,0/8,15.7427,30/39,4.5911,0/44,28.2264
2.9,"ElasticNet (alpha=0.03, l1=0.9)",0.797,0.786,0/28,19.257,0/8,15.7427,30/39,4.5911,0/44,28.2264
3.0,"ElasticNet (alpha=0.03, l1=0.9)",0.797,0.786,0/28,19.257,0/8,15.7427,30/39,4.5911,0/44,28.2264
5.0,"ElasticNet (alpha=0.03, l1=0.9)",0.797,0.786,0/28,19.257,0/8,15.7427,30/39,4.5911,0/44,28.2264
10.0,"ElasticNet (alpha=0.03, l1=0.9)",0.797,0.786,0/28,19.257,0/8,15.7427,30/39,4.5911,0/44,28.2264
inf,"ElasticNet (alpha=0.03, l1=0.9)",0.797,0.786,0/28,19.257,0/8,15.7427,30/39,4.5911,0/44,28.2264
