남긴 수명 비율,남긴 방전량 비율
0.0,0.0
0.01,0.0085
0.02,0.017
0.03,0.0257
0.04,0.0344
0.05,0.0433
0.06,0.0522
0.07,0.061
0.08,0.0701
0.09,0.0792
0.1,0.0883
0.11,0.0976
0.12,0.1069
0.13,0.1162
0.14,0.1256
0.15,0.1351
0.16,0.1446
0.17,0.1542
0.18,0.1638
0.19,0.1734
0.2,0.1832
0.21,0.1929
0.22,0.2027
0.23,0.2124
0.24,0.2225
0.25,0.2324
0.26,0.2424
0.27,0.252
0.28,0.2621
0.29,0.2719
0.3,0.2821
0.31,0.2919
0.32,0.3021
0.33,0.3121
0.34,0.3222
0.35,0.3319
0.36,0.3422
0.37,0.3523
0.38,0.3625
0.39,0.3723
0.4,0.3826
0.41,0.3925
0.42,0.4029
0.43,0.4129
0.44,0.4232
0.45,0.4331
0.46,0.4436
0.47,0.4538
0.48,0.4638
0.49,0.4736
0.5,0.4843
0.51,0.4945
0.52,0.5045
0.53,0.5146
0.54,0.5248
0.55,0.5353
0.56,0.5453
0.57,0.5558
0.58,0.5659
0.59,0.5763
0.6,0.5863
0.61,0.5966
0.62,0.6067
0.63,0.6172
0.64,0.6275
0.65,0.6379
0.66,0.648
0.67,0.6583
0.68,0.6685
0.69,0.6788
0.7,0.6893
0.71,0.6995
0.72,0.7097
0.73,0.7201
0.74,0.7303
0.75,0.7408
0.76,0.7512
0.77,0.7616
0.78,0.772
0.79,0.7822
0.8,0.7925
0.81,0.8028
0.82,0.8135
0.83,0.8236
0.84,0.8341
0.85,0.8444
0.86,0.8547
0.87,0.8649
0.88,0.8753
0.89,0.8858
0.9,0.8963
0.91,0.9066
0.92,0.917
0.93,0.9273
0.94,0.9378
0.95,0.9481
0.96,0.9584
0.97,0.9688
0.98,0.9793
0.99,0.9896
1.0,1.0
