"구분 (MAPE %, 여유 배율 적용 전)",선형회귀 (ΔQ 분산),"ElasticNet (alpha=0.01, l1=0.5)","분위수 회귀 (하위 20%, ΔQ 분산)",랜덤포레스트 (비교용),LightGBM (비교용),선형회귀 (ΔQ 분산 + qd_slope_2_100 + ir_min + tavg_mean),선형회귀 (ΔQ 분산 + dq_skew + qd_slope_2_100),"ElasticNet (alpha=0.03, l1=0.9)"
"Train (B1 CV, fold 평균)",7.98,8.39,10.13,10.98,14.24,10.5,9.25,10.64
"Train (B1 CV, fold 표준편차)",3.24,2.99,1.45,3.53,1.95,3.2,2.46,1.4
Valid (B1 Hold-out),10.52,9.7,7.65,11.45,16.08,9.86,11.68,9.03
Test (B2),28.56,30.66,21.54,30.59,29.06,24.29,30.86,38.81
"Test (B3, 추가)",12.81,12.18,13.53,16.91,17.12,11.48,16.91,14.06
Gap (Train−Valid),-2.54,-1.31,2.47,-0.47,-1.84,0.65,-2.43,1.61
Gap (Valid−Test),-18.04,-20.96,-13.89,-19.14,-12.97,-14.44,-19.18,-29.78
Gap (Target−Test),-19.46,-21.56,-12.44,-21.49,-19.96,-15.19,-21.76,-29.71
"Gap (B2−B3, 추가)",15.75,18.48,8.01,13.68,11.94,12.81,13.95,24.75
"Gap (Target−Test, B3 기준)",-3.71,-3.08,-4.43,-7.81,-8.02,-2.38,-7.81,-4.96
"참고: Test (B2, 초기 데이터 품질 통과 31셀)",30.15,32.18,22.05,31.58,28.42,24.98,32.83,39.97
