R,늦은_교체,셀,평균_일찍,셀당_손실,배율_최소,배율_최대,선택_모델
0.1,21,36,1.986,0.0756,1.0,1.065,선형회귀 (ΔQ 분산 + qd_slope_2_100 + ir_min + tavg_mean) / 선형회귀 (ΔQ 분산 + qd_slope_2_100 + tavg_mean) / 선형회귀 (ΔQ 분산 + qd_slope_2_100) / 선형회귀 (ΔQ 분산)
0.2,11,36,8.1232,0.1347,0.912,0.99,"분위수 회귀 (하위 10%, 전체 후보) / 선형회귀 (ΔQ 분산 + dq_skew + qd_slope_2_100) / 선형회귀 (ΔQ 분산 + dq_skew) / 선형회귀 (ΔQ 분산)"
0.3,6,36,10.0893,0.1413,0.898,0.99,"분위수 회귀 (하위 10%, 전체 후보) / 분위수 회귀 (하위 20%, 전체 후보) / 선형회귀 (ΔQ 분산 + ir_min) / 선형회귀 (ΔQ 분산)"
0.4,5,36,10.251,0.1484,0.898,0.99,"분위수 회귀 (하위 10%, 전체 후보) / 분위수 회귀 (하위 20%, 전체 후보) / 선형회귀 (ΔQ 분산 + ir_min) / 선형회귀 (ΔQ 분산)"
0.5,5,36,10.251,0.1623,0.898,0.99,"분위수 회귀 (하위 10%, 전체 후보) / 분위수 회귀 (하위 20%, 전체 후보) / 선형회귀 (ΔQ 분산 + ir_min) / 선형회귀 (ΔQ 분산)"
0.6,5,36,10.6191,0.1797,0.888,0.99,"분위수 회귀 (하위 10%, 전체 후보) / 분위수 회귀 (하위 20%, 전체 후보) / 선형회귀 (ΔQ 분산 + ir_min) / 선형회귀 (ΔQ 분산)"
0.7,5,36,12.142,0.208,0.841,0.99,"ElasticNet (alpha=0.03, l1=0.9) / 분위수 회귀 (하위 10%, 전체 후보) / 분위수 회귀 (하위 20%, 전체 후보) / 선형회귀 (ΔQ 분산)"
0.8,5,36,12.454,0.2247,0.815,0.99,"ElasticNet (alpha=0.03, l1=0.5) / 분위수 회귀 (하위 10%, 전체 후보) / 분위수 회귀 (하위 20%, 전체 후보) / 선형회귀 (ΔQ 분산)"
0.9,5,36,12.454,0.2386,0.815,0.99,"ElasticNet (alpha=0.03, l1=0.5) / 분위수 회귀 (하위 10%, 전체 후보) / 분위수 회귀 (하위 20%, 전체 후보) / 선형회귀 (ΔQ 분산)"
1.0,4,36,14.5867,0.2452,0.81,0.99,"ElasticNet (alpha=0.03, l1=0.5) / ElasticNet (alpha=0.03, l1=0.9) / 분위수 회귀 (하위 10%, 전체 후보) / 선형회귀 (ΔQ 분산)"
1.1,6,36,14.6933,0.3188,0.81,0.99,"ElasticNet (alpha=0.03, l1=0.5) / ElasticNet (alpha=0.03, l1=0.9) / 분위수 회귀 (하위 10%, 전체 후보) / 선형회귀 (ΔQ 분산 + dq_skew + ir_min + tavg_mean)"
1.2,6,36,14.6933,0.3355,0.81,0.99,"ElasticNet (alpha=0.03, l1=0.5) / ElasticNet (alpha=0.03, l1=0.9) / 분위수 회귀 (하위 10%, 전체 후보) / 선형회귀 (ΔQ 분산 + dq_skew + ir_min + tavg_mean)"
1.3,6,36,14.6933,0.3521,0.81,0.99,"ElasticNet (alpha=0.03, l1=0.5) / ElasticNet (alpha=0.03, l1=0.9) / 분위수 회귀 (하위 10%, 전체 후보) / 선형회귀 (ΔQ 분산 + dq_skew + ir_min + tavg_mean)"
1.4,3,36,16.6738,0.2703,0.798,0.99,"ElasticNet (alpha=0.03, l1=0.5) / ElasticNet (alpha=0.03, l1=0.9) / 분위수 회귀 (하위 10%, 전체 후보) / 선형회귀 (ΔQ 분산 + dq_skew)"
1.5,3,36,17.5976,0.2872,0.798,0.927,"ElasticNet (alpha=0.03, l1=0.5) / ElasticNet (alpha=0.03, l1=0.9) / 분위수 회귀 (하위 10%, 전체 후보) / 선형회귀 (ΔQ 분산 + dq_skew)"
1.6,3,36,17.5976,0.2956,0.798,0.927,"ElasticNet (alpha=0.03, l1=0.5) / ElasticNet (alpha=0.03, l1=0.9) / 분위수 회귀 (하위 10%, 전체 후보) / 선형회귀 (ΔQ 분산 + dq_skew)"
1.7,3,36,17.5976,0.3039,0.798,0.927,"ElasticNet (alpha=0.03, l1=0.5) / ElasticNet (alpha=0.03, l1=0.9) / 분위수 회귀 (하위 10%, 전체 후보) / 선형회귀 (ΔQ 분산 + dq_skew)"
1.8,3,36,17.5976,0.3122,0.798,0.927,"ElasticNet (alpha=0.03, l1=0.5) / ElasticNet (alpha=0.03, l1=0.9) / 분위수 회귀 (하위 10%, 전체 후보) / 선형회귀 (ΔQ 분산 + dq_skew)"
1.9,3,36,17.5976,0.3206,0.798,0.927,"ElasticNet (alpha=0.03, l1=0.5) / ElasticNet (alpha=0.03, l1=0.9) / 분위수 회귀 (하위 10%, 전체 후보) / 선형회귀 (ΔQ 분산 + dq_skew)"
2.0,3,36,17.5976,0.3289,0.798,0.927,"ElasticNet (alpha=0.03, l1=0.5) / ElasticNet (alpha=0.03, l1=0.9) / 분위수 회귀 (하위 10%, 전체 후보) / 선형회귀 (ΔQ 분산 + dq_skew)"
2.1,3,36,17.5976,0.3372,0.798,0.927,"ElasticNet (alpha=0.03, l1=0.5) / ElasticNet (alpha=0.03, l1=0.9) / 분위수 회귀 (하위 10%, 전체 후보) / 선형회귀 (ΔQ 분산 + dq_skew)"
2.2,3,36,17.5976,0.3456,0.798,0.927,"ElasticNet (alpha=0.03, l1=0.5) / ElasticNet (alpha=0.03, l1=0.9) / 분위수 회귀 (하위 10%, 전체 후보) / 선형회귀 (ΔQ 분산 + dq_skew)"
2.3,3,36,17.5976,0.3539,0.798,0.927,"ElasticNet (alpha=0.03, l1=0.5) / ElasticNet (alpha=0.03, l1=0.9) / 분위수 회귀 (하위 10%, 전체 후보) / 선형회귀 (ΔQ 분산 + dq_skew)"
2.4,3,36,17.5976,0.3622,0.798,0.927,"ElasticNet (alpha=0.03, l1=0.5) / ElasticNet (alpha=0.03, l1=0.9) / 분위수 회귀 (하위 10%, 전체 후보) / 선형회귀 (ΔQ 분산 + dq_skew)"
2.5,3,36,17.5976,0.3706,0.798,0.927,"ElasticNet (alpha=0.03, l1=0.5) / ElasticNet (alpha=0.03, l1=0.9) / 분위수 회귀 (하위 10%, 전체 후보) / 선형회귀 (ΔQ 분산 + dq_skew)"
2.6,3,36,17.5976,0.3789,0.798,0.927,"ElasticNet (alpha=0.03, l1=0.5) / ElasticNet (alpha=0.03, l1=0.9) / 분위수 회귀 (하위 10%, 전체 후보) / 선형회귀 (ΔQ 분산 + dq_skew)"
2.7,3,36,17.5976,0.3872,0.798,0.927,"ElasticNet (alpha=0.03, l1=0.5) / ElasticNet (alpha=0.03, l1=0.9) / 분위수 회귀 (하위 10%, 전체 후보) / 선형회귀 (ΔQ 분산 + dq_skew)"
2.8,3,36,17.5976,0.3956,0.798,0.927,"ElasticNet (alpha=0.03, l1=0.5) / ElasticNet (alpha=0.03, l1=0.9) / 분위수 회귀 (하위 10%, 전체 후보) / 선형회귀 (ΔQ 분산 + dq_skew)"
2.9,3,36,17.5976,0.4039,0.798,0.927,"ElasticNet (alpha=0.03, l1=0.5) / ElasticNet (alpha=0.03, l1=0.9) / 분위수 회귀 (하위 10%, 전체 후보) / 선형회귀 (ΔQ 분산 + dq_skew)"
3.0,3,36,17.5976,0.4122,0.798,0.927,"ElasticNet (alpha=0.03, l1=0.5) / ElasticNet (alpha=0.03, l1=0.9) / 분위수 회귀 (하위 10%, 전체 후보) / 선형회귀 (ΔQ 분산 + dq_skew)"
5.0,3,36,17.5976,0.5789,0.798,0.927,"ElasticNet (alpha=0.03, l1=0.5) / ElasticNet (alpha=0.03, l1=0.9) / 분위수 회귀 (하위 10%, 전체 후보) / 선형회귀 (ΔQ 분산 + dq_skew)"
10.0,3,36,17.5976,0.9956,0.798,0.927,"ElasticNet (alpha=0.03, l1=0.5) / ElasticNet (alpha=0.03, l1=0.9) / 분위수 회귀 (하위 10%, 전체 후보) / 선형회귀 (ΔQ 분산 + dq_skew)"
inf,3,36,17.5976,,0.798,0.927,"ElasticNet (alpha=0.03, l1=0.5) / ElasticNet (alpha=0.03, l1=0.9) / 분위수 회귀 (하위 10%, 전체 후보) / 선형회귀 (ΔQ 분산 + dq_skew)"
